Open,High,Low,Close,Volume (BTC),Volume (Currency),Weighted Price,Change %
7463.13,7922.64,7410.0,7833.55,1664.21044306,12760079.367935,7667.3472523538,0.05
7491.24,7597.5,7389.49,7470.25,883.87428704,6612672.8917673,7481.4631319488,-0.0
7463.13,7922.64,7410.0,7833.55,1664.21044306,12760079.367935,7667.3472523538,0.05
7175.94,7575.46,7088.36,7490.45,1816.72045258,13342613.26327,7344.340316267,0.04
7491.24,7597.5,7389.49,7470.25,883.87428704,6612672.8917673,7481.4631319488,-0.0
7437.71,7456.51,7103.5,7176.25,1141.97491307,8263954.1877195,7236.5461737713,-0.04
7175.94,7575.46,7088.36,7490.45,1816.72045258,13342613.26327,7344.340316267,0.04
7431.0,7479.69,7319.87,7437.71,557.12674498,4117962.7669598,7391.428977454,0.0
7437.71,7456.51,7103.5,7176.25,1141.97491307,8263954.1877195,7236.5461737713,-0.04
7522.85,7522.85,7307.78,7431.0,895.4048397,6651378.994184,7428.3482725116,-0.01
7431.0,7479.69,7319.87,7437.71,557.12674498,4117962.7669598,7391.428977454,0.0
7667.0,7684.79,7360.68,7513.0,996.18119645,7474975.5580497,7503.6304486448,-0.02
7522.85,7522.85,7307.78,7431.0,895.4048397,6651378.994184,7428.3482725116,-0.01
7620.62,7674.46,7476.79,7648.06,1044.20760517,7884543.4460469,7550.74317311,0.0
7667.0,7684.79,7360.68,7513.0,996.18119645,7474975.5580497,7503.6304486448,-0.02
7630.52,7830.51,7525.78,7622.89,1687.3288966,12972560.479793,7688.2227916164,-0.0
7620.62,7674.46,7476.79,7648.06,1044.20760517,7884543.4460469,7550.74317311,0.0
7373.41,7674.22,7053.43,7629.67,2381.07509807,17595855.938248,7389.8786109309,0.03
7630.52,7830.51,7525.78,7622.89,1687.3288966,12972560.479793,7688.2227916164,-0.0
7524.73,7540.61,7215.9,7373.73,769.64940112,5651181.0333267,7342.5393758548,-0.02
7373.41,7674.22,7053.43,7629.67,2381.07509807,17595855.938248,7389.8786109309,0.03
7502.06,7640.0,7345.07,7519.19,899.19670541,6728033.8115124,7482.2714218517,0.0
7524.73,7540.61,7215.9,7373.73,769.64940112,5651181.0333267,7342.5393758548,-0.02
7390.0,7575.0,7177.61,7501.42,1904.875597,14024236.590981,7362.2847670831,0.01
7502.06,7640.0,7345.07,7519.19,899.19670541,6728033.8115124,7482.2714218517,0.0
7709.43,7767.11,7050.89,7381.66,3287.96848352,24399605.433924,7420.875703712,-0.04
7390.0,7575.0,7177.61,7501.42,1904.875597,14024236.590981,7362.2847670831,0.01
7757.78,7971.46,7473.29,7704.92,2662.42398652,20420469.514223,7669.878883909,-0.01
7709.43,7767.11,7050.89,7381.66,3287.96848352,24399605.433924,7420.875703712,-0.04
8817.0,8912.98,7251.78,7759.08,5368.96444048,43168388.60154,8040.3565864706,-0.12
7757.78,7971.46,7473.29,7704.92,2662.42398652,20420469.514223,7669.878883909,-0.01
9118.93,9134.65,8753.01,8820.56,1097.07939611,9826019.1387747,8956.5250916347,-0.03
8817.0,8912.98,7251.78,7759.08,5368.96444048,43168388.60154,8040.3565864706,-0.12
9074.28,9169.85,8951.0,9109.0,433.15028743,3925582.1828371,9062.8640838003,0.0
9118.93,9134.65,8753.01,8820.56,1097.07939611,9826019.1387747,8956.5250916347,-0.03
9242.3,9242.3,9015.0,9072.07,608.56275456,5534521.4004895,9094.4136147325,-0.02
9074.28,9169.85,8951.0,9109.0,433.15028743,3925582.1828371,9062.8640838003,0.0
9320.0,9334.82,9152.0,9241.08,775.82303746,7161890.8418769,9231.3459333774,-0.01
9242.3,9242.3,9015.0,9072.07,608.56275456,5534521.4004895,9094.4136147325,-0.02
9218.07,9401.0,8722.01,9300.2,2049.70334969,18451331.261586,9001.952045586,0.01
9320.0,9334.82,9152.0,9241.08,775.82303746,7161890.8418769,9231.3459333774,-0.01
9198.08,9271.36,9138.56,9217.28,776.51626189,7161158.6202495,9222.1618164437,0.0
9218.07,9401.0,8722.01,9300.2,2049.70334969,18451331.261586,9001.952045586,0.01
9327.75,9342.08,9183.15,9202.53,946.03042601,8756766.5295103,9256.3265289924,-0.01
9198.08,9271.36,9138.56,9217.28,776.51626189,7161158.6202495,9222.1618164437,0.0
9318.75,9415.29,9165.0,9338.78,836.82965976,7764123.0155242,9278.0208313254,0.0
9327.75,9342.08,9183.15,9202.53,946.03042601,8756766.5295103,9256.3265289924,-0.01
9360.46,9392.78,9273.97,9318.75,343.02233424,3196358.8756638,9318.2237907208,-0.0
9318.75,9415.29,9165.0,9338.78,836.82965976,7764123.0155242,9278.0208313254,0.0
9357.27,9432.4,9233.87,9367.51,351.24704742,3282909.6630165,9346.440595388,0.0
9360.46,9392.78,9273.97,9318.75,343.02233424,3196358.8756638,9318.2237907208,-0.0
9444.36,9450.0,9163.65,9360.0,794.82886976,7395334.272483,9304.3100896877,-0.01
9357.27,9432.4,9233.87,9367.51,351.24704742,3282909.6630165,9346.440595388,0.0
9238.65,9462.5,9125.04,9427.3,1177.15815993,10952911.449852,9304.5368266428,0.02
9444.36,9450.0,9163.65,9360.0,794.82886976,7395334.272483,9304.3100896877,-0.01
9144.21,9324.05,8932.73,9240.44,989.35708359,9041497.9793035,9138.7610492416,0.01
9238.65,9462.5,9125.04,9427.3,1177.15815993,10952911.449852,9304.5368266428,0.02
9351.12,9410.62,8974.33,9160.14,1035.15205312,9528023.6552637,9204.4677171298,-0.02
9144.21,9324.05,8932.73,9240.44,989.35708359,9041497.9793035,9138.7610492416,0.01
9450.21,9550.0,9113.71,9353.57,1034.67673269,9632763.8955896,9309.9260776318,-0.01
9351.12,9410.62,8974.33,9160.14,1035.15205312,9528023.6552637,9204.4677171298,-0.02
9503.0,9604.99,9280.0,9457.83,613.92750141,5796247.4137305,9441.2571523809,-0.0
9450.21,9550.0,9113.71,9353.57,1034.67673269,9632763.8955896,9309.9260776318,-0.01
9349.8,9596.83,9349.8,9510.07,454.33307891,4301622.5857495,9467.9933850946,0.02
9503.0,9604.99,9280.0,9457.83,613.92750141,5796247.4137305,9441.2571523809,-0.0
9597.32,9928.65,9234.0,9349.79,2384.15062181,22967738.461539,9633.5098342495,-0.03
9349.8,9596.83,9349.8,9510.07,454.33307891,4301622.5857495,9467.9933850946,0.02
9598.31,9652.0,9463.54,9597.34,833.48469769,7979633.1502981,9573.820818083,-0.0
9597.32,9928.65,9234.0,9349.79,2384.15062181,22967738.461539,9633.5098342495,-0.03
9677.38,9825.65,9412.97,9581.73,1553.61188895,14885227.022597,9581.046031166,-0.01
9598.31,9652.0,9463.54,9597.34,833.48469769,7979633.1502981,9573.820818083,-0.0
9478.49,9836.78,9391.41,9691.64,1931.98695467,18594450.855199,9624.5219514824,0.02
9677.38,9825.65,9412.97,9581.73,1553.61188895,14885227.022597,9581.046031166,-0.01
8893.95,9584.97,8878.92,9479.61,1859.28196048,17020854.83189,9154.5312618943,0.06
9478.49,9836.78,9391.41,9691.64,1931.98695467,18594450.855199,9624.5219514824,0.02
8755.71,8958.48,8685.0,8893.97,558.26770367,4907580.3164127,8790.7294012366,0.02
8893.95,9584.97,8878.92,9479.61,1859.28196048,17020854.83189,9154.5312618943,0.06
8729.85,8835.18,8602.12,8765.54,566.77463011,4955808.3899141,8743.8783012434,0.0
8755.71,8958.48,8685.0,8893.97,558.26770367,4907580.3164127,8790.7294012366,0.02
8600.4,8847.59,8459.42,8738.96,1259.23597928,10949567.040909,8695.4051671627,0.02
8729.85,8835.18,8602.12,8765.54,566.77463011,4955808.3899141,8743.8783012434,0.0
8775.76,8775.76,8421.0,8575.1,1453.56171931,12469576.379374,8578.6356463026,-0.02
8600.4,8847.59,8459.42,8738.96,1259.23597928,10949567.040909,8695.4051671627,0.02
9186.74,9322.42,8558.74,8786.58,1876.31759448,16786129.331146,8946.3155813971,-0.04
8775.76,8775.76,8421.0,8575.1,1453.56171931,12469576.379374,8578.6356463026,-0.02
9346.1,9358.64,9038.11,9179.51,1064.94782705,9734766.9910352,9141.0740918655,-0.02
9186.74,9322.42,8558.74,8786.58,1876.31759448,16786129.331146,8946.3155813971,-0.04
9102.55,9575.28,9102.55,9339.17,1275.22547369,11911694.931029,9340.8539719341,0.03
9346.1,9358.64,9038.11,9179.51,1064.94782705,9734766.9910352,9141.0740918655,-0.02
9127.97,9300.0,8900.0,9102.55,630.92399089,5722735.7032043,9070.4043368705,-0.0
9102.55,9575.28,9102.55,9339.17,1275.22547369,11911694.931029,9340.8539719341,0.03
9355.18,9365.68,8877.61,9118.0,686.23347788,6212784.7013047,9053.4561509562,-0.03
9127.97,9300.0,8900.0,9102.55,630.92399089,5722735.7032043,9070.4043368705,-0.0
9123.65,9446.0,9050.0,9349.31,1171.0047618,10872166.398827,9284.4766763502,0.02
9355.18,9365.68,8877.61,9118.0,686.23347788,6212784.7013047,9053.4561509562,-0.03
9150.75,9239.45,8800.0,9134.42,1504.78917724,13631642.729841,9058.8388965182,-0.0
9123.65,9446.0,9050.0,9349.31,1171.0047618,10872166.398827,9284.4766763502,0.02
9712.88,9730.84,8872.25,9148.86,2324.24854883,21181581.149218,9113.3029468303,-0.06
9150.75,9239.45,8800.0,9134.42,1504.78917724,13631642.729841,9058.8388965182,-0.0
9854.03,9890.0,9534.16,9695.0,913.37116351,8844385.0373821,9683.2321740857,-0.02
9712.88,9730.84,8872.25,9148.86,2324.24854883,21181581.149218,9113.3029468303,-0.06
9308.63,9866.0,9254.05,9854.03,1145.76862899,11040527.186725,9635.9133138928,0.06
9854.03,9890.0,9534.16,9695.0,913.37116351,8844385.0373821,9683.2321740857,-0.02
9220.82,9490.0,9095.0,9320.98,473.77763155,4422034.3429351,9333.5650492153,0.01
9308.63,9866.0,9254.05,9854.03,1145.76862899,11040527.186725,9635.9133138928,0.06
9330.65,9455.25,9004.0,9215.49,563.19432752,5208437.3041464,9248.0286992262,-0.01
9220.82,9490.0,9095.0,9320.98,473.77763155,4422034.3429351,9333.5650492153,0.01
9260.32,9504.0,8763.37,9348.44,1771.88586854,16227838.83005,9158.5124742947,0.01
9330.65,9455.25,9004.0,9215.49,563.19432752,5208437.3041464,9248.0286992262,-0.01
8985.1,9414.32,8500.0,9281.09,3195.62873964,28610565.496802,8953.0317279676,0.03
9260.32,9504.0,8763.37,9348.44,1771.88586854,16227838.83005,9158.5124742947,0.01
9720.08,9720.08,8868.7,8985.93,2285.19919125,21248127.062087,9298.1509635774,-0.08
8985.1,9414.32,8500.0,9281.09,3195.62873964,28610565.496802,8953.0317279676,0.03
10157.37,10211.93,9600.0,9713.82,1369.60654923,13488946.596995,9848.7748942047,-0.04
9720.08,9720.08,8868.7,8985.93,2285.19919125,21248127.062087,9298.1509635774,-0.08
10280.13,10304.16,10030.05,10157.36,786.89658606,7991620.849411,10155.871801942,-0.01
10157.37,10211.93,9600.0,9713.82,1369.60654923,13488946.596995,9848.7748942047,-0.04
10071.67,10341.0,9902.55,10317.33,752.22256733,7630832.0438222,10144.380633125,0.02
10280.13,10304.16,10030.05,10157.36,786.89658606,7991620.849411,10155.871801942,-0.01
10596.28,10680.62,10030.0,10089.74,1189.30697889,12216312.959832,10271.791199976,-0.05
10071.67,10341.0,9902.55,10317.33,752.22256733,7630832.0438222,10144.380633125,0.02
10712.69,10757.77,10372.76,10580.4,1285.97609947,13558154.25012,10543.0841644,-0.01
10596.28,10680.62,10030.0,10089.74,1189.30697889,12216312.959832,10271.791199976,-0.05
10701.12,10778.93,10243.25,10714.91,1187.62439203,12473238.00962,10502.679208449,0.0
10712.69,10757.77,10372.76,10580.4,1285.97609947,13558154.25012,10543.0841644,-0.01
10220.91,10843.35,10150.02,10698.34,1939.84782876,20397050.018617,10514.768074182,0.04
10701.12,10778.93,10243.25,10714.91,1187.62439203,12473238.00962,10502.679208449,0.0
10515.28,11000.0,10009.66,10232.75,2850.48384057,30121316.332072,10567.088963412,-0.03
10220.91,10843.35,10150.02,10698.34,1939.84782876,20397050.018617,10514.768074182,0.04
9886.42,10662.01,9886.42,10475.0,2143.22612486,22431410.843436,10466.189537001,0.06
10515.28,11000.0,10009.66,10232.75,2850.48384057,30121316.332072,10567.088963412,-0.03
9731.93,9969.88,9501.21,9886.47,873.4752048,8522215.4271984,9756.6769844941,0.02
9886.42,10662.01,9886.42,10475.0,2143.22612486,22431410.843436,10466.189537001,0.06
9486.15,9830.52,9457.59,9740.0,679.11780469,6594364.8300915,9710.1928186107,0.03
9731.93,9969.88,9501.21,9886.47,873.4752048,8522215.4271984,9756.6769844941,0.02
9400.0,9612.85,9310.29,9486.44,1275.87927464,12076838.371489,9465.5024276468,0.01
9486.15,9830.52,9457.59,9740.0,679.11780469,6594364.8300915,9710.1928186107,0.03
9113.96,9470.41,8952.45,9390.14,1215.76177488,11154971.111278,9175.2935005536,0.03
9400.0,9612.85,9310.29,9486.44,1275.87927464,12076838.371489,9465.5024276468,0.01
8604.43,9120.0,8590.5,9113.98,1354.6061531,12063641.319548,8905.6448562118,0.06
9113.96,9470.41,8952.45,9390.14,1215.76177488,11154971.111278,9175.2935005536,0.03
8529.8,8770.6,8403.69,8591.3,915.80074857,7862256.6625128,8585.1170953829,0.01
8604.43,9120.0,8590.5,9113.98,1354.6061531,12063641.319548,8905.6448562118,0.06
8579.21,8740.7,8400.1,8529.57,981.30332694,8394555.2935053,8554.4959066653,-0.01
8529.8,8770.6,8403.69,8591.3,915.80074857,7862256.6625128,8585.1170953829,0.01
8529.83,8675.37,8200.0,8563.17,649.47252795,5516433.9032434,8493.7139999679,0.0
8579.21,8740.7,8400.1,8529.57,981.30332694,8394555.2935053,8554.4959066653,-0.01
8837.15,9183.0,8355.0,8529.85,1557.62803242,13433907.58101,8624.5928433496,-0.03
8529.83,8675.37,8200.0,8563.17,649.47252795,5516433.9032434,8493.7139999679,0.0
8882.42,8909.99,8652.68,8853.45,1029.87874607,9054985.7137857,8792.2833132924,-0.0
8837.15,9183.0,8355.0,8529.85,1557.62803242,13433907.58101,8624.5928433496,-0.03
8779.92,9149.9,8740.04,8880.57,1192.07107953,10726018.363371,8997.8010099868,0.01
8882.42,8909.99,8652.68,8853.45,1029.87874607,9054985.7137857,8792.2833132924,-0.0
8852.69,8924.6,8540.0,8766.97,1770.99264351,15441913.437949,8719.3549304327,-0.01
8779.92,9149.9,8740.04,8880.57,1192.07107953,10726018.363371,8997.8010099868,0.01
9228.9,9228.9,8800.0,8800.02,1373.22506712,12334429.005797,8982.0884435683,-0.05
8852.69,8924.6,8540.0,8766.97,1770.99264351,15441913.437949,8719.3549304327,-0.01
9459.04,9532.66,8989.19,9203.18,1435.23574607,13241167.159994,9225.778549797,-0.03
9228.9,9228.9,8800.0,8800.02,1373.22506712,12334429.005797,8982.0884435683,-0.05
9610.89,9666.75,9202.17,9449.01,861.13482861,8093245.9837892,9398.3493814237,-0.02
9459.04,9532.66,8989.19,9203.18,1435.23574607,13241167.159994,9225.778549797,-0.03
9405.57,9929.7,9230.0,9590.37,1237.89788429,11864460.046187,9584.3608723765,0.02
9610.89,9666.75,9202.17,9449.01,861.13482861,8093245.9837892,9398.3493814237,-0.02
9469.2,9589.0,8996.77,9405.59,1928.07040351,17900975.018055,9284.3990476004,-0.01
9405.57,9929.7,9230.0,9590.37,1237.89788429,11864460.046187,9584.3608723765,0.02
8658.17,9599.1,8275.0,9469.19,2583.36668914,23357155.879251,9041.3629537922,0.09
9469.2,9589.0,8996.77,9405.59,1928.07040351,17900975.018055,9284.3990476004,-0.01
8421.05,8913.61,8090.0,8648.16,2880.2883126,24536006.879436,8518.5940491101,0.03
8658.17,9599.1,8275.0,9469.19,2583.36668914,23357155.879251,9041.3629537922,0.09
9658.34,9817.69,8355.0,8399.53,3367.47470564,30177232.199041,8961.3834807724,-0.13
8421.05,8913.61,8090.0,8648.16,2880.2883126,24536006.879436,8518.5940491101,0.03
9062.76,9854.87,8764.0,9635.14,2343.66821002,21676941.528112,9249.1511534935,0.06
9658.34,9817.69,8355.0,8399.53,3367.47470564,30177232.199041,8961.3834807724,-0.13
10119.2,10180.0,8969.99,9044.46,1731.00496854,16362150.469187,9452.3994827051,-0.11
9062.76,9854.87,8764.0,9635.14,2343.66821002,21676941.528112,9249.1511534935,0.06
10492.57,10519.97,9623.0,10121.29,1342.55899049,13423409.538545,9998.375962345,-0.04
10119.2,10180.0,8969.99,9044.46,1731.00496854,16362150.469187,9452.3994827051,-0.11
10090.01,10595.0,9824.22,10492.41,1247.45867958,12867618.104504,10315.065593064,0.04
10492.57,10519.97,9623.0,10121.29,1342.55899049,13423409.538545,9998.375962345,-0.04
10764.17,10764.18,9710.67,10089.99,3202.5415789,32678036.511731,10203.782123246,-0.06
10090.01,10595.0,9824.22,10492.41,1247.45867958,12867618.104504,10315.065593064,0.04
11232.41,11747.49,10226.41,10779.98,4650.205775,51588286.207007,11093.764169395,-0.04
10764.17,10764.18,9710.67,10089.99,3202.5415789,32678036.511731,10203.782123246,-0.06
10985.4,11465.56,10830.0,11227.67,2934.04830356,32707790.521338,11147.666001835,0.02
11232.41,11747.49,10226.41,10779.98,4650.205775,51588286.207007,11093.764169395,-0.04
10226.36,11061.38,10100.5,10974.07,2103.13487306,22404743.40836,10653.022635568,0.07
10985.4,11465.56,10830.0,11227.67,2934.04830356,32707790.521338,11147.666001835,0.02
10010.0,10365.0,9867.61,10206.65,1082.22336185,10957211.227333,10124.72250516,0.02
10226.36,11061.38,10100.5,10974.07,2103.13487306,22404743.40836,10653.022635568,0.07
9816.28,10444.46,9785.23,10024.36,1160.0544637,11797757.340827,10170.002969686,0.02
10010.0,10365.0,9867.61,10206.65,1082.22336185,10957211.227333,10124.72250516,0.02
9890.52,10233.53,9561.01,9798.88,2104.77121257,20793222.62468,9879.0892333096,-0.01
9816.28,10444.46,9785.23,10024.36,1160.0544637,11797757.340827,10170.002969686,0.02
10622.99,10679.21,9794.36,9896.55,2222.72578508,23029415.538367,10360.889180731,-0.07
9890.52,10233.53,9561.01,9798.88,2104.77121257,20793222.62468,9879.0892333096,-0.01
9599.59,10651.48,9590.69,10604.46,3401.97478104,34223030.773481,10059.75440036,0.09
10622.99,10679.21,9794.36,9896.55,2222.72578508,23029415.538367,10360.889180731,-0.07
9350.04,9685.95,8504.18,9585.84,3793.33890993,34404703.939622,9069.7680214016,0.02
9599.59,10651.48,9590.69,10604.46,3401.97478104,34223030.773481,10059.75440036,0.09
9461.83,9843.94,8806.17,9308.08,2974.52768574,27528340.058411,9254.6928342214,-0.02
9350.04,9685.95,8504.18,9585.84,3793.33890993,34404703.939622,9069.7680214016,0.02
10449.24,10698.0,9320.0,9462.07,1702.94331625,16877628.641688,9910.8575609277,-0.09
9461.83,9843.94,8806.17,9308.08,2974.52768574,27528340.058411,9254.6928342214,-0.02
10863.49,10864.1,9950.07,10432.8,1781.68027933,18554677.408029,10414.145356656,-0.04
10449.24,10698.0,9320.0,9462.07,1702.94331625,16877628.641688,9910.8575609277,-0.09
9789.99,10920.0,9432.09,10870.27,3231.00400518,33244245.063868,10289.137683076,0.1
10863.49,10864.1,9950.07,10432.8,1781.68027933,18554677.408029,10414.145356656,-0.04
11342.31,11715.61,9001.01,9790.0,7147.00743914,72213247.303898,10103.983788855,-0.14
9789.99,10920.0,9432.09,10870.27,3231.00400518,33244245.063868,10289.137683076,0.1
10328.84,12195.0,9850.0,11376.18,7879.8176372,87605206.278248,11117.669254764,0.09
11342.31,11715.61,9001.01,9790.0,7147.00743914,72213247.303898,10103.983788855,-0.14
9692.73,10370.0,9651.66,10357.18,3600.05417076,35869044.885033,9963.4736544701,0.06
10328.84,12195.0,9850.0,11376.18,7879.8176372,87605206.278248,11117.669254764,0.09
9531.43,9749.1,9254.12,9675.27,1953.36623377,18661103.637333,9553.305117452,0.01
9692.73,10370.0,9651.66,10357.18,3600.05417076,35869044.885033,9963.4736544701,0.06
9397.65,9897.0,9209.04,9525.19,1869.84200916,17834501.625455,9537.9724800742,0.01
9531.43,9749.1,9254.12,9675.27,1953.36623377,18661103.637333,9553.305117452,0.01
8999.99,9870.0,8867.43,9378.39,3715.41355188,35047166.800003,9432.9113867469,0.04
9397.65,9897.0,9209.04,9525.19,1869.84200916,17834501.625455,9537.9724800742,0.01
8452.11,9000.0,8434.26,8999.99,1873.87207171,16266941.304652,8680.9241411062,0.06
8999.99,9870.0,8867.43,9378.39,3715.41355188,35047166.800003,9432.9113867469,0.04
8267.65,8518.61,8160.0,8433.95,1676.98019604,13963693.16675,8326.6893668294,0.02
8452.11,9000.0,8434.26,8999.99,1873.87207171,16266941.304652,8680.9241411062,0.06
8121.01,8295.0,8067.35,8269.89,927.34091381,7572019.4828423,8165.3029323731,0.02
8267.65,8518.61,8160.0,8433.95,1676.98019604,13963693.16675,8326.6893668294,0.02
8324.09,8338.17,7980.01,8105.2,1624.33206014,13228176.10623,8143.7634772102,-0.03
8121.01,8295.0,8067.35,8269.89,927.34091381,7572019.4828423,8165.3029323731,0.02
8008.32,8447.0,8008.32,8323.92,1792.95390619,14796240.286695,8252.4376313367,0.04
8324.09,8338.17,7980.01,8105.2,1624.33206014,13228176.10623,8143.7634772102,-0.03
7885.29,8379.98,7831.69,8004.47,2404.81805672,19526598.86029,8119.7822037826,0.01
8008.32,8447.0,8008.32,8323.92,1792.95390619,14796240.286695,8252.4376313367,0.04
7772.6,7937.19,7692.79,7891.43,747.93543457,5839321.4036301,7807.2533185798,0.02
7885.29,8379.98,7831.69,8004.47,2404.81805672,19526598.86029,8119.7822037826,0.01
7300.72,7797.99,7265.9,7773.09,1197.17992728,8955914.536559,7480.842547124,0.06
7772.6,7937.19,7692.79,7891.43,747.93543457,5839321.4036301,7807.2533185798,0.02
7232.71,7400.0,7129.42,7301.41,1128.2924782,8188305.2749146,7257.2541545058,0.01
7300.72,7797.99,7265.9,7773.09,1197.17992728,8955914.536559,7480.842547124,0.06
6992.7,7321.0,6905.0,7234.82,1434.34258928,10233931.208659,7134.9280744684,0.03
7232.71,7400.0,7129.42,7301.41,1128.2924782,8188305.2749146,7257.2541545058,0.01
7091.33,7120.0,6816.8,6992.7,1041.35143575,7243084.6823134,6955.4661698784,-0.01
6992.7,7321.0,6905.0,7234.82,1434.34258928,10233931.208659,7134.9280744684,0.03
6761.13,7150.0,6668.0,7091.33,1122.99478262,7790810.6687149,6937.5306005773,0.05
7091.33,7120.0,6816.8,6992.7,1041.35143575,7243084.6823134,6955.4661698784,-0.01
7008.16,7037.79,6670.78,6756.07,537.77208724,3675302.4188445,6834.3123528543,-0.04
6761.13,7150.0,6668.0,7091.33,1122.99478262,7790810.6687149,6937.5306005773,0.05
7071.17,7117.88,6876.0,7022.8,349.91940014,2451036.7746849,7004.5752642015,-0.01
7008.16,7037.79,6670.78,6756.07,537.77208724,3675302.4188445,6834.3123528543,-0.04
6927.55,7182.57,6880.6,7070.02,1257.19293735,8881925.6840359,7064.8867171955,0.02
7071.17,7117.88,6876.0,7022.8,349.91940014,2451036.7746849,7004.5752642015,-0.01
6930.9,7012.68,6610.0,6914.42,1007.87309281,6904556.8671782,6850.6212899562,-0.0
6927.55,7182.57,6880.6,7070.02,1257.19293735,8881925.6840359,7064.8867171955,0.02
6810.25,7059.96,6744.19,6935.98,1223.81250825,8463714.2331707,6915.8585781032,0.02
6930.9,7012.68,6610.0,6914.42,1007.87309281,6904556.8671782,6850.6212899562,-0.0
7226.45,7226.45,6611.19,6819.0,2867.65472596,19926158.407251,6948.5905073808,-0.06
6810.25,7059.96,6744.19,6935.98,1223.81250825,8463714.2331707,6915.8585781032,0.02
7825.0,7830.21,7150.0,7221.15,1799.55047249,13560312.072135,7535.3885758878,-0.08
7226.45,7226.45,6611.19,6819.0,2867.65472596,19926158.407251,6948.5905073808,-0.06
7661.84,7900.13,7640.31,7825.0,826.0843013,6436605.5883743,7791.7054933074,0.02
7825.0,7830.21,7150.0,7221.15,1799.55047249,13560312.072135,7535.3885758878,-0.08
7669.93,7730.25,7574.27,7666.55,437.26242456,3348222.0090578,7657.2369840078,-0.0
7661.84,7900.13,7640.31,7825.0,826.0843013,6436605.5883743,7791.7054933074,0.02
7457.81,7700.0,7300.0,7685.73,1641.78799478,12325739.526742,7507.5098404492,0.03
7669.93,7730.25,7574.27,7666.55,437.26242456,3348222.0090578,7657.2369840078,-0.0
7776.84,8168.97,7200.0,7450.0,2864.87470669,22079914.895186,7707.1136282593,-0.04
7457.81,7700.0,7300.0,7685.73,1641.78799478,12325739.526742,7507.5098404492,0.03
7815.06,7874.53,7550.0,7776.28,1435.18766024,11108072.850628,7739.8051546586,-0.0
7776.84,8168.97,7200.0,7450.0,2864.87470669,22079914.895186,7707.1136282593,-0.04
7845.9,7887.17,7630.65,7799.66,1421.24794316,11075882.234912,7793.0682596353,-0.01
7815.06,7874.53,7550.0,7776.28,1435.18766024,11108072.850628,7739.8051546586,-0.0
7788.75,7974.0,7706.63,7842.98,2372.6859581,18622322.356616,7848.6250121057,0.01
7845.9,7887.17,7630.65,7799.66,1421.24794316,11075882.234912,7793.0682596353,-0.01
7204.4,7830.9,7050.3,7794.44,1837.28404212,13817336.528735,7520.5227999433,0.08
7788.75,7974.0,7706.63,7842.98,2372.6859581,18622322.356616,7848.6250121057,0.01
7155.73,7282.56,7099.0,7219.0,370.47918999,2666140.1966962,7196.4641165627,0.01
7204.4,7830.9,7050.3,7794.44,1837.28404212,13817336.528735,7520.5227999433,0.08
7057.71,7302.0,6983.42,7159.88,1348.41865068,9672434.8579625,7173.1689954635,0.01
7155.73,7282.56,7099.0,7219.0,370.47918999,2666140.1966962,7196.4641165627,0.01
6846.56,7133.96,6711.11,7045.2,1612.58772265,11130186.292523,6902.0656279291,0.03
7057.71,7302.0,6983.42,7159.88,1348.41865068,9672434.8579625,7173.1689954635,0.01
7135.62,7209.0,6671.9,6855.24,1586.56768502,11130516.535604,7015.4690787515,-0.04
6846.56,7133.96,6711.11,7045.2,1612.58772265,11130186.292523,6902.0656279291,0.03
7165.29,7271.62,7007.77,7135.7,1691.6363157,12079964.18169,7140.9936459605,-0.0
7135.62,7209.0,6671.9,6855.24,1586.56768502,11130516.535604,7015.4690787515,-0.04
7349.54,7349.54,6800.0,7177.33,1970.19235569,13921947.368904,7066.288389911,-0.02
7165.29,7271.62,7007.77,7135.7,1691.6363157,12079964.18169,7140.9936459605,-0.0
6521.48,7436.28,6521.47,7349.76,1859.38962196,13278610.781065,7141.3815718021,0.11
7349.54,7349.54,6800.0,7177.33,1970.19235569,13921947.368904,7066.288389911,-0.02
6600.0,6728.49,6481.17,6551.95,1000.85711712,6617715.9720034,6612.0486718885,-0.01
6521.48,7436.28,6521.47,7349.76,1859.38962196,13278610.781065,7141.3815718021,0.11
7058.73,7102.77,6000.0,6600.0,4113.40809257,26531268.553905,6449.9480617612,-0.06
6600.0,6728.49,6481.17,6551.95,1000.85711712,6617715.9720034,6612.0486718885,-0.01
7325.59,7490.0,6847.68,7059.81,3081.42857494,21921559.703984,7114.0898355598,-0.04
7058.73,7102.77,6000.0,6600.0,4113.40809257,26531268.553905,6449.9480617612,-0.06
7127.44,7400.0,6991.0,7326.34,2961.72740877,21284303.642878,7186.4492254934,0.03
7325.59,7490.0,6847.68,7059.81,3081.42857494,21921559.703984,7114.0898355598,-0.04
6972.36,7438.7,6755.61,7137.92,4827.00393926,34363858.260915,7119.0864340133,0.02
7127.44,7400.0,6991.0,7326.34,2961.72740877,21284303.642878,7186.4492254934,0.03
6197.25,7284.82,6114.24,6967.95,5381.09793166,36637250.746031,6808.5084514953,0.11
6972.36,7438.7,6755.61,7137.92,4827.00393926,34363858.260915,7119.0864340133,0.02
6355.07,6749.94,6000.0,6200.79,4856.65829443,30895079.642629,6361.3863215499,-0.02
6197.25,7284.82,6114.24,6967.95,5381.09793166,36637250.746031,6808.5084514953,0.11
5653.97,6587.73,5650.83,6355.45,3890.11023073,23852842.182554,6131.6622840473,0.11
6355.07,6749.94,6000.0,6200.79,4856.65829443,30895079.642629,6361.3863215499,-0.02
5487.32,5715.0,5439.49,5661.65,2085.88690966,11699071.67025,5608.6797496402,0.03
5653.97,6587.73,5650.83,6355.45,3890.11023073,23852842.182554,6131.6622840473,0.11
5311.08,5500.0,5292.56,5471.88,1717.59644985,9259089.1419129,5390.724429316,0.03
5487.32,5715.0,5439.49,5661.65,2085.88690966,11699071.67025,5608.6797496402,0.03
5147.28,5349.0,5063.63,5297.89,1620.6361253,8480669.8931464,5232.9266025565,0.03
5311.08,5500.0,5292.56,5471.88,1717.59644985,9259089.1419129,5390.724429316,0.03
5080.36,5336.27,5080.36,5143.95,2423.55066486,12705641.04405,5242.5729027555,0.01
5147.28,5349.0,5063.63,5297.89,1620.6361253,8480669.8931464,5232.9266025565,0.03
5114.18,5136.96,4975.0,5082.0,1625.06671896,8213197.5830009,5054.0679266739,-0.01
5080.36,5336.27,5080.36,5143.95,2423.55066486,12705641.04405,5242.5729027555,0.01
5150.28,5170.0,5026.03,5115.93,623.08695456,3181138.3471019,5105.4484832671,-0.01
5114.18,5136.96,4975.0,5082.0,1625.06671896,8213197.5830009,5054.0679266739,-0.01
5055.0,5198.0,4926.45,5143.61,1359.93013744,6931998.6779742,5097.3196983658,0.02
5150.28,5170.0,5026.03,5115.93,623.08695456,3181138.3471019,5105.4484832671,-0.01
4829.07,5189.22,4806.07,5055.0,3052.75695649,15457692.864915,5063.5190043716,0.04
5055.0,5198.0,4926.45,5143.61,1359.93013744,6931998.6779742,5097.3196983658,0.02
4757.71,4850.0,4737.37,4825.5,1111.2990158,5330359.3361513,4796.5122441093,0.01
4829.07,5189.22,4806.07,5055.0,3052.75695649,15457692.864915,5063.5190043716,0.04
4699.87,4766.36,4694.36,4757.96,897.46118201,4245260.4748075,4730.2998278985,0.01
4757.71,4850.0,4737.37,4825.5,1111.2990158,5330359.3361513,4796.5122441093,0.01
4609.32,4717.62,4583.94,4699.87,1344.21419865,6268026.7872024,4662.9672514227,0.02
4699.87,4766.36,4694.36,4757.96,897.46118201,4245260.4748075,4730.2998278985,0.01
4629.43,4653.61,4551.0,4601.51,1359.86366555,6274826.8556404,4614.3058415363,-0.01
4609.32,4717.62,4583.94,4699.87,1344.21419865,6268026.7872024,4662.9672514227,0.02
4653.09,4690.0,4585.0,4629.44,611.06682287,2835517.6710682,4640.2742956172,-0.01
4629.43,4653.61,4551.0,4601.51,1359.86366555,6274826.8556404,4614.3058415363,-0.01
4628.95,4691.81,4590.05,4652.02,629.18864148,2924986.307248,4648.8224904501,0.0
4653.09,4690.0,4585.0,4629.44,611.06682287,2835517.6710682,4640.2742956172,-0.01
4621.62,4779.93,4524.5,4623.42,2384.45820634,11052491.118335,4635.2211537816,0.0
4628.95,4691.81,4590.05,4652.02,629.18864148,2924986.307248,4648.8224904501,0.0
4887.99,4960.82,4486.5,4619.73,2661.94174636,12676296.551069,4762.0488195892,-0.05
4621.62,4779.93,4524.5,4623.42,2384.45820634,11052491.118335,4635.2211537816,0.0
4946.99,5019.96,4825.0,4885.84,1519.08822686,7429513.3193062,4890.771442988,-0.01
4887.99,4960.82,4486.5,4619.73,2661.94174636,12676296.551069,4762.0488195892,-0.05
4789.01,5022.39,4772.61,4941.94,1820.56137376,9018962.5904383,4953.9459204341,0.03
4946.99,5019.96,4825.0,4885.84,1519.08822686,7429513.3193062,4890.771442988,-0.01
4727.65,4840.57,4676.07,4783.83,990.49869228,4707260.9849099,4752.4151436025,0.01
4789.01,5022.39,4772.61,4941.94,1820.56137376,9018962.5904383,4953.9459204341,0.03
4743.25,4761.63,4650.0,4725.65,507.12966458,2381642.2108976,4696.3180765023,-0.0
4727.65,4840.57,4676.07,4783.83,990.49869228,4707260.9849099,4752.4151436025,0.01
4717.06,4778.59,4681.37,4741.59,353.16013383,1672465.6777263,4735.7148146608,0.01
4743.25,4761.63,4650.0,4725.65,507.12966458,2381642.2108976,4696.3180765023,-0.0
4705.22,4771.06,4625.0,4717.06,807.2881454,3784799.8016821,4688.2885909427,0.0
4717.06,4778.59,4681.37,4741.59,353.16013383,1672465.6777263,4735.7148146608,0.01
4630.43,4741.69,4624.59,4698.01,1304.92639124,6104033.0468855,4677.6838048966,0.01
4705.22,4771.06,4625.0,4717.06,807.2881454,3784799.8016821,4688.2885909427,0.0
4616.04,4666.9,4583.06,4630.0,1176.93156827,5437879.7521974,4620.3873689875,0.0
4630.43,4741.69,4624.59,4698.01,1304.92639124,6104033.0468855,4677.6838048966,0.01
4457.51,4637.3,4443.38,4616.04,1494.37175833,6764538.1370039,4526.6769124193,0.03
4616.04,4666.9,4583.06,4630.0,1176.93156827,5437879.7521974,4620.3873689875,0.0
4573.38,4597.37,4384.56,4460.58,1365.28757602,6177343.5858957,4524.5732066965,-0.02
4457.51,4637.3,4443.38,4616.04,1494.37175833,6764538.1370039,4526.6769124193,0.03
4503.35,4585.8,4457.84,4564.43,367.73496151,1659989.7412635,4514.0927978324,0.01
4573.38,4597.37,4384.56,4460.58,1365.28757602,6177343.5858957,4524.5732066965,-0.02
4502.75,4536.77,4469.01,4501.51,647.06044489,2915568.185127,4505.8668137606,-0.0
4503.35,4585.8,4457.84,4564.43,367.73496151,1659989.7412635,4514.0927978324,0.01
4485.4,4533.78,4355.0,4494.9,1405.50888501,6261253.7696466,4454.7948692633,0.0
4502.75,4536.77,4469.01,4501.51,647.06044489,2915568.185127,4505.8668137606,-0.0
4723.64,4744.18,4416.91,4484.96,2893.28641248,13094734.256308,4525.9032081388,-0.05
4485.4,4533.78,4355.0,4494.9,1405.50888501,6261253.7696466,4454.7948692633,0.0
4615.7,4854.68,4596.0,4724.99,2312.11664772,10900961.385329,4714.7108239882,0.02
4723.64,4744.18,4416.91,4484.96,2893.28641248,13094734.256308,4525.9032081388,-0.05
4704.75,4705.65,4576.06,4615.35,1612.03246792,7459232.4256404,4627.2222018362,-0.02
4615.7,4854.68,4596.0,4724.99,2312.11664772,10900961.385329,4714.7108239882,0.02
4639.13,4770.0,4567.23,4708.6,2636.53597513,12257242.127283,4648.9948337149,0.01
4704.75,4705.65,4576.06,4615.35,1612.03246792,7459232.4256404,4627.2222018362,-0.02
4505.55,4693.83,4481.91,4638.75,1103.48552057,5065623.5149177,4590.5663649316,0.03
4639.13,4770.0,4567.23,4708.6,2636.53597513,12257242.127283,4648.9948337149,0.01
4498.91,4670.95,4327.75,4488.97,1410.75616906,6367759.6218929,4513.7209119105,-0.0
4505.55,4693.83,4481.91,4638.75,1103.48552057,5065623.5149177,4590.5663649316,0.03
4380.18,4534.03,4353.32,4488.11,1533.57402089,6823736.3273649,4449.5643734267,0.02
4498.91,4670.95,4327.75,4488.97,1410.75616906,6367759.6218929,4513.7209119105,-0.0
4435.74,4517.15,4250.73,4372.0,2139.44482381,9456612.1702024,4420.1243542059,-0.01
4380.18,4534.03,4353.32,4488.11,1533.57402089,6823736.3273649,4449.5643734267,0.02
4380.58,4767.0,4280.0,4426.0,4759.45740531,21454291.202496,4507.7178710665,0.01
4435.74,4517.15,4250.73,4372.0,2139.44482381,9456612.1702024,4420.1243542059,-0.01
3699.51,4528.06,3691.67,4380.73,5410.19207875,22848012.678032,4223.142606669,0.16
4380.58,4767.0,4280.0,4426.0,4759.45740531,21454291.202496,4507.7178710665,0.01
3651.3,3704.86,3608.03,3693.18,1479.42010179,5442939.8085059,3679.1035906031,0.01
3699.51,4528.06,3691.67,4380.73,5410.19207875,22848012.678032,4223.142606669,0.16
3654.49,3661.17,3634.6,3651.3,414.2562388,1510870.1896188,3647.187533,-0.0
3651.3,3704.86,3608.03,3693.18,1479.42010179,5442939.8085059,3679.1035906031,0.01
3649.95,3682.0,3600.61,3648.8,572.33938248,2085577.6794977,3643.9527723231,-0.0
3654.49,3661.17,3634.6,3651.3,414.2562388,1510870.1896188,3647.187533,-0.0
3573.0,3654.48,3569.0,3649.94,1322.30598115,4788902.4175171,3621.6295515447,0.02
3649.95,3682.0,3600.61,3648.8,572.33938248,2085577.6794977,3643.9527723231,-0.0
3575.01,3582.73,3548.0,3573.0,1050.29596394,3749419.0975733,3569.8690905257,-0.0
3573.0,3654.48,3569.0,3649.94,1322.30598115,4788902.4175171,3621.6295515447,0.02
3478.43,3593.53,3472.04,3581.7,1842.9151179,6540360.9070719,3548.9214036752,0.03
3575.01,3582.73,3548.0,3573.0,1050.29596394,3749419.0975733,3569.8690905257,-0.0
3463.02,3485.05,3442.21,3478.43,870.85233282,3015090.409891,3462.2292394022,0.0
3478.43,3593.53,3472.04,3581.7,1842.9151179,6540360.9070719,3548.9214036752,0.03
3518.67,3523.99,3420.0,3462.28,1411.56549253,4924136.922967,3488.4225698528,-0.02
3463.02,3485.05,3442.21,3478.43,870.85233282,3015090.409891,3462.2292394022,0.0
3525.0,3525.0,3488.63,3518.99,269.56573274,947594.16248296,3515.2619468771,-0.0
3518.67,3523.99,3420.0,3462.28,1411.56549253,4924136.922967,3488.4225698528,-0.02
3531.43,3544.67,3504.6,3525.0,492.6124227,1735210.861211,3522.466712675,-0.0
3525.0,3525.0,3488.63,3518.99,269.56573274,947594.16248296,3515.2619468771,-0.0
3501.35,3548.22,3481.02,3525.19,1083.85300341,3822024.4089088,3526.3309663616,0.01
3531.43,3544.67,3504.6,3525.0,492.6124227,1735210.861211,3522.466712675,-0.0
3529.7,3566.0,3450.01,3502.43,1009.33374952,3551003.731754,3518.1660510636,-0.01
3501.35,3548.22,3481.02,3525.19,1083.85300341,3822024.4089088,3526.3309663616,0.01
3524.82,3542.67,3498.0,3531.65,1011.19290143,3562707.7769807,3523.2721392155,0.0
3529.7,3566.0,3450.01,3502.43,1009.33374952,3551003.731754,3518.1660510636,-0.01
3509.62,3538.19,3481.4,3524.32,1262.41010073,4432073.3409699,3510.803136324,0.0
3524.82,3542.67,3498.0,3531.65,1011.19290143,3562707.7769807,3523.2721392155,0.0
3506.2,3547.02,3469.29,3509.62,854.72634809,2989738.8798118,3497.8901568821,0.0
3509.62,3538.19,3481.4,3524.32,1262.41010073,4432073.3409699,3510.803136324,0.0
3524.26,3527.94,3475.0,3506.43,642.7860911,2252177.7265178,3503.7748291405,-0.01
3506.2,3547.02,3469.29,3509.62,854.72634809,2989738.8798118,3497.8901568821,0.0
3449.64,3563.48,3445.0,3524.3,1256.80555073,4411267.2943364,3509.9043696729,0.02
3524.26,3527.94,3475.0,3506.43,642.7860911,2252177.7265178,3503.7748291405,-0.01
3410.97,3455.69,3401.02,3445.0,1026.41973101,3520494.0012294,3429.8775587305,0.01
3449.64,3563.48,3445.0,3524.3,1256.80555073,4411267.2943364,3509.9043696729,0.02
3404.98,3450.0,3351.0,3406.7,1149.68522433,3915552.6011653,3405.7605667214,0.0
3410.97,3455.69,3401.02,3445.0,1026.41973101,3520494.0012294,3429.8775587305,0.01
3426.69,3434.74,3387.67,3405.16,1364.32766013,4650730.8631426,3408.8078685581,-0.01
3404.98,3450.0,3351.0,3406.7,1149.68522433,3915552.6011653,3405.7605667214,0.0
3427.14,3444.0,3373.38,3426.72,1988.7968746,6815153.9103365,3426.7722346995,-0.0
3426.69,3434.74,3387.67,3405.16,1364.32766013,4650730.8631426,3408.8078685581,-0.01
3473.78,3483.91,3398.01,3421.05,811.51968992,2782700.3865516,3428.9992234519,-0.02
3427.14,3444.0,3373.38,3426.72,1988.7968746,6815153.9103365,3426.7722346995,-0.0
3485.87,3488.26,3441.79,3473.73,339.58089042,1175889.3115083,3462.7664414624,-0.0
3473.78,3483.91,3398.01,3421.05,811.51968992,2782700.3865516,3428.9992234519,-0.02
3426.16,3510.0,3415.53,3485.87,856.36435666,2977024.0754762,3476.352153524,0.02
3485.87,3488.26,3441.79,3473.73,339.58089042,1175889.3115083,3462.7664414624,-0.0
3450.13,3487.98,3350.0,3426.17,1746.16994547,6015726.7271222,3445.0980803607,-0.01
3426.16,3510.0,3415.53,3485.87,856.36435666,2977024.0754762,3476.352153524,0.02
3408.9,3472.15,3385.0,3450.12,1593.4246972,5468703.0333763,3432.0435995413,0.01
3450.13,3487.98,3350.0,3426.17,1746.16994547,6015726.7271222,3445.0980803607,-0.01
3403.82,3444.64,3370.25,3407.56,1324.99684175,4507978.0162977,3402.2556690352,0.0
3408.9,3472.15,3385.0,3450.12,1593.4246972,5468703.0333763,3432.0435995413,0.01
3272.14,3426.25,3261.13,3403.82,1380.43032834,4625999.7050092,3351.1287096771,0.04
3403.82,3444.64,3370.25,3407.56,1324.99684175,4507978.0162977,3402.2556690352,0.0
3336.49,3350.79,3239.0,3272.14,1253.05165732,4108753.9988858,3278.9980962745,-0.02
3272.14,3426.25,3261.13,3403.82,1380.43032834,4625999.7050092,3351.1287096771,0.04
3364.78,3369.96,3311.0,3336.5,273.72853943,916419.11149783,3347.9121811929,-0.01
3336.49,3350.79,3239.0,3272.14,1253.05165732,4108753.9988858,3278.9980962745,-0.02
3356.97,3367.2,3303.48,3359.0,438.96215877,1471875.5411688,3353.0806967349,0.0
3364.78,3369.96,3311.0,3336.5,273.72853943,916419.11149783,3347.9121811929,-0.01
3340.11,3386.04,3336.27,3357.06,959.97370098,3225372.6342188,3359.8552032479,0.01
3356.97,3367.2,3303.48,3359.0,438.96215877,1471875.5411688,3353.0806967349,0.0
3339.99,3420.83,3307.39,3336.27,1417.83692422,4755356.9985548,3353.952007683,-0.0
3340.11,3386.04,3336.27,3357.06,959.97370098,3225372.6342188,3359.8552032479,0.01
3339.12,3363.11,3226.29,3339.99,1696.06968755,5639071.6113461,3324.7876857536,0.0
3339.99,3420.83,3307.39,3336.27,1417.83692422,4755356.9985548,3353.952007683,-0.0
3367.63,3376.73,3315.0,3332.54,1281.02919798,4284433.5691907,3344.5245244579,-0.01
3339.12,3363.11,3226.29,3339.99,1696.06968755,5639071.6113461,3324.7876857536,0.0
3302.32,3406.99,3299.48,3366.83,1430.73549551,4791535.1500526,3349.001380821,0.02
3367.63,3376.73,3315.0,3332.54,1281.02919798,4284433.5691907,3344.5245244579,-0.01
3633.51,3694.7,3276.36,3301.3,1980.71375115,6843934.6978108,3455.2871124549,-0.09
3302.32,3406.99,3299.48,3366.83,1430.73549551,4791535.1500526,3349.001380821,0.02
3483.18,3673.0,3452.51,3633.5,1345.38604433,4779039.2122202,3552.1694552735,0.04
3633.51,3694.7,3276.36,3301.3,1980.71375115,6843934.6978108,3455.2871124549,-0.09
3442.83,3492.07,3430.36,3483.18,952.11301235,3299213.1768092,3465.148710305,0.01
3483.18,3673.0,3452.51,3633.5,1345.38604433,4779039.2122202,3552.1694552735,0.04
3479.33,3522.25,3410.72,3442.83,1149.31218868,3970882.2613772,3455.0075257949,-0.01
3442.83,3492.07,3430.36,3483.18,952.11301235,3299213.1768092,3465.148710305,0.01
3431.02,3497.09,3410.21,3480.48,1204.18779617,4161504.0195547,3455.8596531128,0.01
3479.33,3522.25,3410.72,3442.83,1149.31218868,3970882.2613772,3455.0075257949,-0.01
3427.56,3523.47,3403.23,3438.21,1837.82389108,6355981.962008,3458.4281948108,0.0
3431.02,3497.09,3410.21,3480.48,1204.18779617,4161504.0195547,3455.8596531128,0.01
3216.63,3469.0,3206.16,3426.93,2269.40181043,7597420.7672097,3347.7635966855,0.06
3427.56,3523.47,3403.23,3438.21,1837.82389108,6355981.962008,3458.4281948108,0.0
3177.96,3258.0,3158.05,3216.62,545.98257641,1740197.7816615,3187.2771345632,0.01
3216.63,3469.0,3206.16,3426.93,2269.40181043,7597420.7672097,3347.7635966855,0.06
3167.32,3200.71,3161.46,3182.0,506.12619003,1610833.675935,3182.672044376,0.0
3177.96,3258.0,3158.05,3216.62,545.98257641,1740197.7816615,3187.2771345632,0.01
3159.95,3211.58,3152.0,3169.7,1090.00860678,3460351.4296662,3174.6092720208,0.0
3167.32,3200.71,3161.46,3182.0,506.12619003,1610833.675935,3182.672044376,0.0
3180.66,3189.99,3141.4,3157.64,1051.41809893,3330195.4001017,3167.3369551949,-0.01
3159.95,3211.58,3152.0,3169.7,1090.00860678,3460351.4296662,3174.6092720208,0.0
3173.56,3199.52,3152.22,3181.0,1352.47688262,4290118.1572541,3172.0454614672,0.0
3180.66,3189.99,3141.4,3157.64,1051.41809893,3330195.4001017,3167.3369551949,-0.01
3192.98,3195.0,3142.28,3173.57,1520.12033664,4821872.6425411,3172.0335070309,-0.01
3173.56,3199.52,3152.22,3181.0,1352.47688262,4290118.1572541,3172.0454614672,0.0
3228.12,3228.12,3168.0,3192.98,1425.70033494,4547223.985947,3189.4668707771,-0.01
3192.98,3195.0,3142.28,3173.57,1520.12033664,4821872.6425411,3172.0335070309,-0.01
3201.4,3230.97,3160.03,3224.5,478.51197243,1525810.2346778,3188.656340048,0.01
3228.12,3228.12,3168.0,3192.98,1425.70033494,4547223.985947,3189.4668707771,-0.01
3199.99,3216.19,3172.06,3201.39,641.98842787,2051868.9327401,3196.1151380062,0.0
3201.4,3230.97,3160.03,3224.5,478.51197243,1525810.2346778,3188.656340048,0.01
2967.25,3282.94,2951.15,3197.4,2527.88638875,7779205.1220768,3077.355515935,0.07
3199.99,3216.19,3172.06,3201.39,641.98842787,2051868.9327401,3196.1151380062,0.0
2967.16,2986.9,2955.99,2962.08,1145.69363257,3402212.733281,2969.565891406,-0.0
2967.25,3282.94,2951.15,3197.4,2527.88638875,7779205.1220768,3077.355515935,0.07
3009.99,3022.97,2933.33,2967.86,1619.51553187,4800881.1570493,2964.3934019613,-0.01
2967.16,2986.9,2955.99,2962.08,1145.69363257,3402212.733281,2969.565891406,-0.0
2987.14,3012.44,2975.0,3009.96,1287.130841,3862008.0841726,3000.4782428895,0.01
3009.99,3022.97,2933.33,2967.86,1619.51553187,4800881.1570493,2964.3934019613,-0.01
2985.55,3007.1,2969.0,2990.31,993.53957004,2966348.6946061,2985.6371945877,0.0
2987.14,3012.44,2975.0,3009.96,1287.130841,3862008.0841726,3000.4782428895,0.01
3029.68,3032.61,2961.7,2987.32,499.33110012,1493164.787121,2990.3300370479,-0.01
2985.55,3007.1,2969.0,2990.31,993.53957004,2966348.6946061,2985.6371945877,0.0
3003.18,3037.96,2979.97,3028.84,622.52438163,1867852.2121158,3000.4482832063,0.01
3029.68,3032.61,2961.7,2987.32,499.33110012,1493164.787121,2990.3300370479,-0.01
2983.91,3017.52,2953.0,3002.52,1327.52525302,3967179.7535246,2988.4024763368,0.01
3003.18,3037.96,2979.97,3028.84,622.52438163,1867852.2121158,3000.4482832063,0.01
2999.62,3025.0,2963.63,2980.74,2312.755609,6905309.0028634,2985.7495430955,-0.01
2983.91,3017.52,2953.0,3002.52,1327.52525302,3967179.7535246,2988.4024763368,0.01
2977.39,3051.29,2955.16,2999.6,1998.93053413,6008802.289051,3006.0085563034,0.01
2999.62,3025.0,2963.63,2980.74,2312.755609,6905309.0028634,2985.7495430955,-0.01
3005.0,3009.99,2926.22,2973.7,2345.3918678,6980282.6386647,2976.1690293624,-0.01
2977.39,3051.29,2955.16,2999.6,1998.93053413,6008802.289051,3006.0085563034,0.01
3105.89,3105.89,2959.0,3005.0,1803.70940992,5416085.6817989,3002.7484760082,-0.03
3005.0,3009.99,2926.22,2973.7,2345.3918678,6980282.6386647,2976.1690293624,-0.01
3122.63,3132.46,3055.0,3105.98,516.8311823,1604801.5864039,3105.078875586,-0.01
3105.89,3105.89,2959.0,3005.0,1803.70940992,5416085.6817989,3002.7484760082,-0.03
3134.39,3207.29,3112.0,3122.47,713.5546976,2249682.6070557,3152.7822809133,-0.0
3122.63,3132.46,3055.0,3105.98,516.8311823,1604801.5864039,3105.078875586,-0.01
3163.16,3168.35,3108.1,3134.66,1713.65564257,5373434.8234179,3135.6561317998,-0.01
3134.39,3207.29,3112.0,3122.47,713.5546976,2249682.6070557,3152.7822809133,-0.0
3128.1,3184.4,3105.0,3163.77,1766.34634128,5544812.9004179,3139.1425174294,0.01
3163.16,3168.35,3108.1,3134.66,1713.65564257,5373434.8234179,3135.6561317998,-0.01
3147.27,3189.76,3100.54,3120.81,1841.42318751,5796056.5044463,3147.5961331213,-0.01
3128.1,3184.4,3105.0,3163.77,1766.34634128,5544812.9004179,3139.1425174294,0.01
3119.72,3179.73,3031.0,3154.05,1813.67323776,5663334.1256088,3122.5768830351,0.01
3147.27,3189.76,3100.54,3120.81,1841.42318751,5796056.5044463,3147.5961331213,-0.01
3117.61,3145.77,3080.5,3114.22,1792.35379524,5594491.2715382,3121.3096914212,-0.0
3119.72,3179.73,3031.0,3154.05,1813.67323776,5663334.1256088,3122.5768830351,0.01
3248.67,3260.84,3054.9,3116.61,1193.86767511,3745079.980646,3136.9305482712,-0.04
3117.61,3145.77,3080.5,3114.22,1792.35379524,5594491.2715382,3121.3096914212,-0.0
3188.02,3304.87,3173.42,3249.89,683.1162452,2227913.3964097,3261.397181028,0.02
3248.67,3260.84,3054.9,3116.61,1193.86767511,3745079.980646,3136.9305482712,-0.04
3203.0,3203.01,3149.48,3188.1,1712.28065543,5445721.2645575,3180.3905786636,-0.0
3188.02,3304.87,3173.42,3249.89,683.1162452,2227913.3964097,3261.397181028,0.02
3168.0,3211.44,3119.0,3195.36,1941.13374663,6155600.4232922,3171.1366792623,0.01
3203.0,3203.01,3149.48,3188.1,1712.28065543,5445721.2645575,3180.3905786636,-0.0
3146.95,3228.7,3138.5,3167.0,2248.91603088,7150757.7748416,3179.6464059369,0.01
3168.0,3211.44,3119.0,3195.36,1941.13374663,6155600.4232922,3171.1366792623,0.01
3202.08,3217.42,3119.0,3146.99,2119.71750467,6769611.3938334,3193.6384819765,-0.02
3146.95,3228.7,3138.5,3167.0,2248.91603088,7150757.7748416,3179.6464059369,0.01
3072.4,3239.18,3066.04,3193.0,1774.78495706,5579431.8000832,3143.722724203,0.04
3202.08,3217.42,3119.0,3146.99,2119.71750467,6769611.3938334,3193.6384819765,-0.02
3174.0,3187.0,3045.79,3074.84,935.38202074,2896628.54824,3096.7331892358,-0.03
3072.4,3239.18,3066.04,3193.0,1774.78495706,5579431.8000832,3143.722724203,0.04
3184.3,3193.33,3130.0,3174.28,651.90477941,2068194.8708069,3172.5413528624,-0.0
3174.0,3187.0,3045.79,3074.84,935.38202074,2896628.54824,3096.7331892358,-0.03
3164.73,3261.35,3121.45,3184.45,2176.33557694,6920644.1943216,3179.9527001494,0.01
3184.3,3193.33,3130.0,3174.28,651.90477941,2068194.8708069,3172.5413528624,-0.0
3460.6,3499.99,3122.22,3164.33,6263.3548287,21058813.146223,3362.2257914764,-0.09
3164.73,3261.35,3121.45,3184.45,2176.33557694,6920644.1943216,3179.9527001494,0.01
3497.83,3541.8,3450.0,3468.34,1711.69087024,5978406.1643421,3492.6903381239,-0.01
3460.6,3499.99,3122.22,3164.33,6263.3548287,21058813.146223,3362.2257914764,-0.09
3498.68,3612.08,3450.0,3495.52,2099.35870521,7405427.6830269,3527.4713485832,-0.0
3497.83,3541.8,3450.0,3468.34,1711.69087024,5978406.1643421,3492.6903381239,-0.01
3549.7,3576.13,3467.57,3497.11,1679.62120952,5909199.3964333,3518.1738376131,-0.01
3498.68,3612.08,3450.0,3495.52,2099.35870521,7405427.6830269,3527.4713485832,-0.0
3349.99,3580.26,3312.81,3550.0,817.53972625,2841814.4981021,3476.0567674642,0.06
3549.7,3576.13,3467.57,3497.11,1679.62120952,5909199.3964333,3518.1738376131,-0.01
3366.7,3412.0,3333.0,3343.0,430.07214292,1451799.7071373,3375.7120311959,-0.01
3349.99,3580.26,3312.81,3550.0,817.53972625,2841814.4981021,3476.0567674642,0.06
3333.83,3385.0,3286.61,3358.75,1649.71410764,5497526.3821486,3332.4115716105,0.01
3366.7,3412.0,3333.0,3343.0,430.07214292,1451799.7071373,3375.7120311959,-0.01
3445.36,3445.36,3307.05,3325.58,2205.69894119,7441744.8567643,3373.8715278838,-0.03
3333.83,3385.0,3286.61,3358.75,1649.71410764,5497526.3821486,3332.4115716105,0.01
3343.81,3454.4,3296.74,3433.28,1119.02516755,3769641.8560689,3368.6837127374,0.03
3445.36,3445.36,3307.05,3325.58,2205.69894119,7441744.8567643,3373.8715278838,-0.03
3233.87,3347.55,3195.0,3342.3,715.11531146,2329826.7246343,3257.9734866502,0.03
3343.81,3454.4,3296.74,3433.28,1119.02516755,3769641.8560689,3368.6837127374,0.03
3373.8,3373.8,3195.91,3233.87,2074.48528756,6849895.2051817,3301.9733840767,-0.04
3233.87,3347.55,3195.0,3342.3,715.11531146,2329826.7246343,3257.9734866502,0.03
3278.34,3400.0,3238.62,3373.8,731.08640058,2445584.6175864,3345.1376138938,0.03
3373.8,3373.8,3195.91,3233.87,2074.48528756,6849895.2051817,3301.9733840767,-0.04
3416.37,3464.3,3245.74,3262.73,2102.03617016,7078837.6280216,3367.6098101979,-0.04
3278.34,3400.0,3238.62,3373.8,731.08640058,2445584.6175864,3345.1376138938,0.03
3156.97,3466.66,3140.0,3416.39,2860.06222629,9273809.9768722,3242.5203520491,0.08
3416.37,3464.3,3245.74,3262.73,2102.03617016,7078837.6280216,3367.6098101979,-0.04
3370.28,3389.53,3130.0,3154.93,2727.18392303,8936680.8335417,3276.8896729241,-0.06
3156.97,3466.66,3140.0,3416.39,2860.06222629,9273809.9768722,3242.5203520491,0.08
3334.72,3398.79,3252.0,3368.53,843.74147039,2806880.823177,3326.7071984498,0.01
3370.28,3389.53,3130.0,3154.93,2727.18392303,8936680.8335417,3276.8896729241,-0.06
3554.04,3560.38,3257.0,3321.0,1645.00355954,5494704.3209167,3340.2385600024,-0.07
3334.72,3398.79,3252.0,3368.53,843.74147039,2806880.823177,3326.7071984498,0.01
3486.67,3726.09,3476.2,3550.0,2730.10494144,9931165.8612443,3637.649861183,0.02
3554.04,3560.38,3257.0,3321.0,1645.00355954,5494704.3209167,3340.2385600024,-0.07
3512.0,3584.0,3449.35,3475.98,643.55035049,2263901.5528283,3517.831279409,-0.01
3486.67,3726.09,3476.2,3550.0,2730.10494144,9931165.8612443,3637.649861183,0.02
3386.62,3530.0,3338.39,3510.7,783.85726963,2683952.7628115,3424.0324951995,0.04
3512.0,3584.0,3449.35,3475.98,643.55035049,2263901.5528283,3517.831279409,-0.01
3553.88,3638.0,3319.7,3386.65,2730.30342092,9513686.0731339,3484.4794172833,-0.05
3386.62,3530.0,3338.39,3510.7,783.85726963,2683952.7628115,3424.0324951995,0.04
3242.16,3654.94,3220.0,3566.56,3839.81125781,13453315.698581,3503.6398393846,0.09
3553.88,3638.0,3319.7,3386.65,2730.30342092,9513686.0731339,3484.4794172833,-0.05
3235.85,3463.42,3201.0,3231.01,3993.8794164,13272220.946621,3323.1401258939,-0.0
3242.16,3654.94,3220.0,3566.56,3839.81125781,13453315.698581,3503.6398393846,0.09
3094.49,3244.62,3016.51,3233.39,2738.21449807,8449715.0791961,3085.8484918372,0.04
3235.85,3463.42,3201.0,3231.01,3993.8794164,13272220.946621,3323.1401258939,-0.0
2834.19,3172.02,2822.58,3095.61,3004.94002903,8995898.5503703,2993.7031899016,0.08
3094.49,3244.62,3016.51,3233.39,2738.21449807,8449715.0791961,3085.8484918372,0.04
2824.5,2889.49,2817.3,2835.0,549.69356843,1570200.9524256,2856.5023180285,0.0
2834.19,3172.02,2822.58,3095.61,3004.94002903,8995898.5503703,2993.7031899016,0.08
2832.61,2861.0,2773.36,2819.0,700.04576226,1965864.3143841,2808.1940072569,-0.0
2824.5,2889.49,2817.3,2835.0,549.69356843,1570200.9524256,2856.5023180285,0.0
2878.98,2907.0,2780.0,2832.92,2304.02881349,6607600.8279606,2867.8464389305,-0.02
2832.61,2861.0,2773.36,2819.0,700.04576226,1965864.3143841,2808.1940072569,-0.0
3023.54,3029.99,2834.84,2879.73,2687.60112341,7952919.3567881,2959.1144636439,-0.05
2878.98,2907.0,2780.0,2832.92,2304.02881349,6607600.8279606,2867.8464389305,-0.02
2965.11,3095.0,2938.07,3023.77,2280.66540591,6883464.0277058,3018.1823295378,0.02
3023.54,3029.99,2834.84,2879.73,2687.60112341,7952919.3567881,2959.1144636439,-0.05
3014.5,3020.0,2917.76,2966.69,1751.40858511,5181831.2284863,2958.6649697511,-0.02
2965.11,3095.0,2938.07,3023.77,2280.66540591,6883464.0277058,3018.1823295378,0.02
3105.49,3151.81,2961.25,3011.0,2008.16466457,6089925.2158175,3032.5825980618,-0.03
3014.5,3020.0,2917.76,2966.69,1751.40858511,5181831.2284863,2958.6649697511,-0.02
2995.0,3200.0,2976.0,3105.6,1179.79033402,3633585.4638717,3079.856953473,0.04
3105.49,3151.81,2961.25,3011.0,2008.16466457,6089925.2158175,3032.5825980618,-0.03
2972.69,3110.08,2860.48,2991.36,1743.34383791,5194591.3266057,2979.671143263,0.01
2995.0,3200.0,2976.0,3105.6,1179.79033402,3633585.4638717,3079.856953473,0.04
3034.17,3199.99,2822.35,2977.11,4493.93009328,13335015.600975,2967.3393497856,-0.02
2972.69,3110.08,2860.48,2991.36,1743.34383791,5194591.3266057,2979.671143263,0.01
3256.73,3399.39,3030.0,3030.0,3857.70810913,12478683.474168,3234.7401931822,-0.07
3034.17,3199.99,2822.35,2977.11,4493.93009328,13335015.600975,2967.3393497856,-0.02
3449.97,3459.41,3239.39,3259.87,1792.27640146,5990878.6112174,3342.6086547461,-0.06
3256.73,3399.39,3030.0,3030.0,3857.70810913,12478683.474168,3234.7401931822,-0.07
3386.41,3642.0,3270.0,3449.97,2962.0388804,10263490.011792,3465.0085384452,0.02
3449.97,3459.41,3239.39,3259.87,1792.27640146,5990878.6112174,3342.6086547461,-0.06
3622.87,3634.58,3300.0,3386.72,2853.59596247,9823798.6048903,3442.60320455,-0.07
3386.41,3642.0,3270.0,3449.97,2962.0388804,10263490.011792,3465.0085384452,0.02
3672.73,3769.99,3565.0,3618.1,784.87644368,2858846.7997727,3642.4163609353,-0.01
3622.87,3634.58,3300.0,3386.72,2853.59596247,9823798.6048903,3442.60320455,-0.07
3522.65,3770.0,3454.93,3672.74,1229.51968733,4496242.1482187,3656.9094375241,0.04
3672.73,3769.99,3565.0,3618.1,784.87644368,2858846.7997727,3642.4163609353,-0.01
3735.92,3779.95,3399.37,3512.88,2251.64351151,7990400.8989539,3548.6971441564,-0.06
3522.65,3770.0,3454.93,3672.74,1229.51968733,4496242.1482187,3656.9094375241,0.04
3725.45,3889.11,3590.95,3736.05,2432.31097934,9115495.8690628,3747.6687588428,0.0
3735.92,3779.95,3399.37,3512.88,2251.64351151,7990400.8989539,3548.6971441564,-0.06
3337.22,3853.13,3337.18,3720.16,3747.66999361,13721525.200552,3661.3483108032,0.1
3725.45,3889.11,3590.95,3736.05,2432.31097934,9115495.8690628,3747.6687588428,0.0
3296.02,3400.0,3154.64,3349.43,3375.13781655,11053838.856288,3275.0777767015,0.02
3337.22,3853.13,3337.18,3720.16,3747.66999361,13721525.200552,3661.3483108032,0.1
3482.73,3590.0,3113.22,3281.33,5884.57103435,19512629.47801,3315.8966667424,-0.06
3296.02,3400.0,3154.64,3349.43,3375.13781655,11053838.856288,3275.0777767015,0.02
3351.95,3630.0,3033.17,3482.76,5384.86305633,17960200.334034,3335.3123647074,0.04
3482.73,3590.0,3113.22,3281.33,5884.57103435,19512629.47801,3315.8966667424,-0.06
3790.86,3859.99,3204.81,3352.66,3173.96962541,11087189.664384,3493.1618675941,-0.12
3351.95,3630.0,3033.17,3482.76,5384.86305633,17960200.334034,3335.3123647074,0.04
3739.7,3835.69,3600.0,3793.14,2203.93654031,8236641.2098883,3737.2406415703,0.01
3790.86,3859.99,3204.81,3352.66,3173.96962541,11087189.664384,3493.1618675941,-0.12
3989.97,4030.0,3708.04,3739.7,2403.54637313,9353089.1322973,3891.3703670786,-0.06
3739.7,3835.69,3600.0,3793.14,2203.93654031,8236641.2098883,3737.2406415703,0.01
3843.95,4074.91,3732.94,3987.11,4216.96052237,16541333.751045,3922.5725883127,0.04
3989.97,4030.0,3708.04,3739.7,2403.54637313,9353089.1322973,3891.3703670786,-0.06
4144.92,4282.16,3557.02,3830.96,7806.31111708,30526581.789122,3910.5002774398,-0.08
3843.95,4074.91,3732.94,3987.11,4216.96052237,16541333.751045,3922.5725883127,0.04
4875.0,4880.31,4101.0,4134.31,5122.33486616,22823089.312656,4455.6027493309,-0.15
4144.92,4282.16,3557.02,3830.96,7806.31111708,30526581.789122,3910.5002774398,-0.08
4832.0,4953.08,4819.44,4867.59,419.8645317,2041824.0731163,4863.0544353179,0.01
4875.0,4880.31,4101.0,4134.31,5122.33486616,22823089.312656,4455.6027493309,-0.15
4832.84,4863.32,4779.01,4823.0,637.55094211,3067479.916863,4811.348731932,-0.0
4832.0,4953.08,4819.44,4867.59,419.8645317,2041824.0731163,4863.0544353179,0.01
4926.4,4953.93,4740.34,4825.0,1613.79863057,7864287.3769864,4873.1528382873,-0.02
4832.84,4863.32,4779.01,4823.0,637.55094211,3067479.916863,4811.348731932,-0.0
4970.31,5009.55,4613.8,4926.4,3270.83586041,15750314.376365,4815.3790188635,-0.01
4926.4,4953.93,4740.34,4825.0,1613.79863057,7864287.3769864,4873.1528382873,-0.02
5556.04,5586.55,4679.0,4977.0,5143.11225116,26234052.598776,5100.8127603786,-0.1
4970.31,5009.55,4613.8,4926.4,3270.83586041,15750314.376365,4815.3790188635,-0.01
5639.98,5639.99,5546.91,5546.91,873.82949287,4886165.1606476,5591.6688558994,-0.02
5556.04,5586.55,4679.0,4977.0,5143.11225116,26234052.598776,5100.8127603786,-0.1
5620.76,5664.64,5608.81,5632.5,755.21663752,4263609.7914327,5645.5453701784,0.0
5639.98,5639.99,5546.91,5546.91,873.82949287,4886165.1606476,5591.6688558994,-0.02
5601.88,5621.21,5547.02,5621.21,422.17331302,2363040.9272365,5597.3242608173,0.0
5620.76,5664.64,5608.81,5632.5,755.21663752,4263609.7914327,5645.5453701784,0.0
5591.99,5630.0,5581.51,5601.88,314.41101562,1765243.1006345,5614.4441922734,0.0
5601.88,5621.21,5547.02,5621.21,422.17331302,2363040.9272365,5597.3242608173,0.0
5640.26,5663.61,5559.01,5591.99,913.72998856,5127961.7751815,5612.119378136,-0.01
5591.99,5630.0,5581.51,5601.88,314.41101562,1765243.1006345,5614.4441922734,0.0
5695.86,5699.99,5600.0,5640.55,672.87184565,3801022.0915625,5648.9539815575,-0.01
5640.26,5663.61,5559.01,5591.99,913.72998856,5127961.7751815,5612.119378136,-0.01
5649.66,5738.98,5634.03,5685.17,1241.64183647,7046952.6564015,5675.511608433,0.01
5695.86,5699.99,5600.0,5640.55,672.87184565,3801022.0915625,5648.9539815575,-0.01
5621.12,5655.0,5593.52,5644.97,1157.83725147,6512380.4697399,5624.6078293575,0.0
5649.66,5738.98,5634.03,5685.17,1241.64183647,7046952.6564015,5675.511608433,0.01
5634.82,5649.0,5578.42,5626.2,619.72105255,3486010.9584709,5625.1291514574,-0.0
5621.12,5655.0,5593.52,5644.97,1157.83725147,6512380.4697399,5624.6078293575,0.0
5572.03,5674.0,5538.08,5634.82,606.71283916,3406725.8473422,5615.0548125186,0.01
5634.82,5649.0,5578.42,5626.2,619.72105255,3486010.9584709,5625.1291514574,-0.0
5580.0,5582.43,5525.79,5572.03,277.79794099,1543742.2553211,5557.0687450728,-0.0
5572.03,5674.0,5538.08,5634.82,606.71283916,3406725.8473422,5615.0548125186,0.01
5566.99,5595.0,5534.03,5580.0,1098.43846949,6112358.0360139,5564.5884642513,0.0
5580.0,5582.43,5525.79,5572.03,277.79794099,1543742.2553211,5557.0687450728,-0.0
5575.3,5583.75,5524.0,5566.98,354.43608952,1966578.8931566,5548.4724927979,-0.0
5566.99,5595.0,5534.03,5580.0,1098.43846949,6112358.0360139,5564.5884642513,0.0
5533.0,5614.59,5480.95,5575.3,722.40512394,4004359.2941094,5543.0937038066,0.01
5575.3,5583.75,5524.0,5566.98,354.43608952,1966578.8931566,5548.4724927979,-0.0
5509.99,5549.18,5498.51,5533.0,919.89819004,5074953.6027441,5516.8644287945,0.0
5533.0,5614.59,5480.95,5575.3,722.40512394,4004359.2941094,5543.0937038066,0.01
5632.24,5643.51,5450.0,5509.99,1556.38952737,8624030.6772747,5541.0490276477,-0.02
5509.99,5549.18,5498.51,5533.0,919.89819004,5074953.6027441,5516.8644287945,0.0
5643.0,5644.42,5610.0,5632.3,408.80561776,2299721.316337,5625.4640749265,-0.0
5632.24,5643.51,5450.0,5509.99,1556.38952737,8624030.6772747,5541.0490276477,-0.02
5630.37,5649.45,5610.01,5634.35,251.37101259,1416089.3313406,5633.463129857,0.0
5643.0,5644.42,5610.0,5632.3,408.80561776,2299721.316337,5625.4640749265,-0.0
5630.32,5669.99,5607.19,5630.5,760.5030246,4287251.0495067,5637.3885583974,0.0
5630.37,5649.45,5610.01,5634.35,251.37101259,1416089.3313406,5633.463129857,0.0
5636.67,5649.99,5583.3,5622.5,967.23869321,5438282.1845879,5622.4820437442,-0.0
5630.32,5669.99,5607.19,5630.5,760.5030246,4287251.0495067,5637.3885583974,0.0
5574.6,5663.0,5574.6,5636.68,947.34131824,5343297.2627253,5640.3084715572,0.01
5636.67,5649.99,5583.3,5622.5,967.23869321,5438282.1845879,5622.4820437442,-0.0
5601.39,5608.05,5553.89,5574.58,922.51137966,5150199.5515929,5582.8032750025,-0.0
5574.6,5663.0,5574.6,5636.68,947.34131824,5343297.2627253,5640.3084715572,0.01
5580.1,5613.6,5551.89,5592.4,1268.46661111,7078002.3090053,5579.9673771559,0.0
5601.39,5608.05,5553.89,5574.58,922.51137966,5150199.5515929,5582.8032750025,-0.0
5577.89,5623.12,5564.78,5580.11,360.15892588,2016124.7939842,5597.8754075247,0.0
5580.1,5613.6,5551.89,5592.4,1268.46661111,7078002.3090053,5579.9673771559,0.0
5559.51,5598.99,5530.01,5577.9,279.64450501,1558932.3033628,5574.6931387299,0.0
5577.89,5623.12,5564.78,5580.11,360.15892588,2016124.7939842,5597.8754075247,0.0
5597.67,5605.08,5548.0,5551.0,929.08855395,5172560.7923247,5567.3496033652,-0.01
5559.51,5598.99,5530.01,5577.9,279.64450501,1558932.3033628,5574.6931387299,0.0
5618.69,5639.99,5550.09,5592.65,1158.6059828,6489975.67158,5601.538200153,-0.0
5597.67,5605.08,5548.0,5551.0,929.08855395,5172560.7923247,5567.3496033652,-0.01
5592.65,5622.62,5547.19,5620.24,891.77969457,4980348.2475514,5584.7293651969,0.0
5618.69,5639.99,5550.09,5592.65,1158.6059828,6489975.67158,5601.538200153,-0.0
5560.99,5624.7,5531.5,5582.58,1171.55876533,6521432.9644225,5566.4582583576,0.0
5592.65,5622.62,5547.19,5620.24,891.77969457,4980348.2475514,5584.7293651969,0.0
5367.08,5850.0,5326.6,5558.19,4771.1450887,26638014.8183,5583.1491860077,0.03
5560.99,5624.7,5531.5,5582.58,1171.55876533,6521432.9644225,5566.4582583576,0.0
5395.85,5454.1,5325.29,5353.53,532.75268421,2876430.0156256,5399.1844637835,-0.01
5367.08,5850.0,5326.6,5558.19,4771.1450887,26638014.8183,5583.1491860077,0.03
5371.0,5409.28,5362.0,5395.85,326.08374155,1757534.4726386,5389.8255223775,0.0
5395.85,5454.1,5325.29,5353.53,532.75268421,2876430.0156256,5399.1844637835,-0.01
5330.54,5407.86,5281.48,5371.0,1176.75554394,6320259.924,5370.9200322427,0.01
5371.0,5409.28,5362.0,5395.85,326.08374155,1757534.4726386,5389.8255223775,0.0
5678.58,5678.58,5284.0,5330.55,3027.79928161,16327290.741529,5392.4613962016,-0.06
5330.54,5407.86,5281.48,5371.0,1176.75554394,6320259.924,5370.9200322427,0.01
5739.98,5739.98,5615.98,5679.09,1345.96216593,7624208.427416,5664.5042634969,-0.01
5678.58,5678.58,5284.0,5330.55,3027.79928161,16327290.741529,5392.4613962016,-0.06
5763.45,5776.05,5720.41,5740.0,816.33874754,4696151.2618395,5752.6992023729,-0.0
5739.98,5739.98,5615.98,5679.09,1345.96216593,7624208.427416,5664.5042634969,-0.01
5708.96,5811.38,5687.38,5751.9,1409.17061196,8105299.2652437,5751.8225234417,0.01
5763.45,5776.05,5720.41,5740.0,816.33874754,4696151.2618395,5752.6992023729,-0.0
5707.99,6650.0,4941.39,5708.96,3988.34452841,22223079.305221,5572.0059154669,0.0
5708.96,5811.38,5687.38,5751.9,1409.17061196,8105299.2652437,5751.8225234417,0.01
5723.84,5731.09,5573.0,5711.35,2677.66139714,15144495.664144,5655.8666007283,-0.0
5707.99,6650.0,4941.39,5708.96,3988.34452841,22223079.305221,5572.0059154669,0.0
5692.19,5767.0,5656.7,5730.87,1017.95867828,5788387.5504639,5686.2696629732,0.01
5723.84,5731.09,5573.0,5711.35,2677.66139714,15144495.664144,5655.8666007283,-0.0
5640.17,5750.0,5622.57,5681.2,1058.23200504,6025715.2154783,5694.1343550185,0.01
5692.19,5767.0,5656.7,5730.87,1017.95867828,5788387.5504639,5686.2696629732,0.01
5631.5,5649.5,5499.38,5640.17,1508.9133787,8434278.530606,5589.637317599,0.0
5640.17,5750.0,5622.57,5681.2,1058.23200504,6025715.2154783,5694.1343550185,0.01
5689.66,5714.99,5600.0,5632.38,1135.74079542,6442053.6480197,5672.1160972627,-0.01
5631.5,5649.5,5499.38,5640.17,1508.9133787,8434278.530606,5589.637317599,0.0
5697.58,5730.0,5581.61,5688.05,1200.55221361,6824162.2660524,5684.1861509151,-0.0
5689.66,5714.99,5600.0,5632.38,1135.74079542,6442053.6480197,5672.1160972627,-0.01
5697.94,5723.93,5610.0,5699.11,905.79062274,5144296.0808262,5679.3434947083,0.0
5697.58,5730.0,5581.61,5688.05,1200.55221361,6824162.2660524,5684.1861509151,-0.0
5714.47,5714.47,5563.27,5676.98,727.23132018,4108446.6371722,5649.4357753394,-0.01
5697.94,5723.93,5610.0,5699.11,905.79062274,5144296.0808262,5679.3434947083,0.0
5752.0,5841.98,5630.66,5714.47,1269.91505104,7287577.5725029,5738.6339082561,-0.01
5714.47,5714.47,5563.27,5676.98,727.23132018,4108446.6371722,5649.4357753394,-0.01
5503.0,5780.0,5493.23,5754.1,1355.37825786,7592355.3890057,5601.6505687447,0.04
5752.0,5841.98,5630.66,5714.47,1269.91505104,7287577.5725029,5738.6339082561,-0.01
5477.0,5600.0,5421.4,5503.0,1803.63945168,9946255.5505097,5514.5475672786,0.0
5503.0,5780.0,5493.23,5754.1,1355.37825786,7592355.3890057,5601.6505687447,0.04
5607.22,5607.22,5390.23,5477.0,2423.71729018,13239800.177371,5462.6008697524,-0.02
5477.0,5600.0,5421.4,5503.0,1803.63945168,9946255.5505097,5514.5475672786,0.0
5700.86,5728.0,5569.96,5607.17,1399.06560517,7879161.7924485,5631.731466582,-0.02
5607.22,5607.22,5390.23,5477.0,2423.71729018,13239800.177371,5462.6008697524,-0.02
5743.96,5774.2,5665.0,5714.98,457.49462096,2613614.2851503,5712.885278664,-0.01
5700.86,5728.0,5569.96,5607.17,1399.06560517,7879161.7924485,5631.731466582,-0.02
0.0,0.0,0.0,0.0,0.0,0.0,0.0,0.0
5743.96,5774.2,5665.0,5714.98,457.49462096,2613614.2851503,5712.885278664,-0.01
0.0,0.0,0.0,0.0,0.0,0.0,0.0,0
0.0,0.0,0.0,0.0,0.0,0.0,0.0,0
5476.41,5506.49,5458.0,5477.91,80.0096548,438372.88584716,5478.9998399938,0.0
0.0,0.0,0.0,0.0,0.0,0.0,0.0,0.0
5432.77,5595.11,5237.25,5477.64,1996.61949352,10808323.584066,5413.3116596048,0.01
5476.41,5506.49,5458.0,5477.91,80.0096548,438372.88584716,5478.9998399938,0.0
5367.55,5459.19,5332.55,5435.67,1273.87010646,6881194.1636531,5401.802058748,0.01
5432.77,5595.11,5237.25,5477.64,1996.61949352,10808323.584066,5413.3116596048,0.01
5595.4,5614.16,5310.0,5355.54,1555.91437571,8458464.1682685,5436.3301093665,-0.04
5367.55,5459.19,5332.55,5435.67,1273.87010646,6881194.1636531,5401.802058748,0.01
5618.1,5619.3,5496.0,5595.4,342.72875647,1908692.069842,5569.1039453501,-0.0
5595.4,5614.16,5310.0,5355.54,1555.91437571,8458464.1682685,5436.3301093665,-0.04
5586.8,5649.0,5564.06,5621.08,389.74342478,2187755.3540645,5613.3220343601,0.01
5618.1,5619.3,5496.0,5595.4,342.72875647,1908692.069842,5569.1039453501,-0.0
5559.99,5634.99,5460.0,5589.31,1069.82509314,5953954.6202489,5565.3533072156,0.01
5586.8,5649.0,5564.06,5621.08,389.74342478,2187755.3540645,5613.3220343601,0.01
5450.49,5600.27,5439.07,5559.27,1562.33306605,8661779.5747733,5544.1312502415,0.02
5559.99,5634.99,5460.0,5589.31,1069.82509314,5953954.6202489,5565.3533072156,0.01
5418.0,5467.49,5341.91,5449.98,1385.24658978,7484210.0852013,5402.7998627955,0.01
5450.49,5600.27,5439.07,5559.27,1562.33306605,8661779.5747733,5544.1312502415,0.02
5443.97,5534.79,5327.5,5411.54,1506.94363497,8174099.4298817,5424.290093003,-0.01
5418.0,5467.49,5341.91,5449.98,1385.24658978,7484210.0852013,5402.7998627955,0.01
5399.07,5508.66,5378.0,5440.43,1260.16945066,6848252.2215413,5434.3899687098,0.01
5443.97,5534.79,5327.5,5411.54,1506.94363497,8174099.4298817,5424.290093003,-0.01
5373.99,5587.88,5348.83,5399.08,951.81236285,5194675.3625192,5457.6674618565,0.0
5399.07,5508.66,5378.0,5440.43,1260.16945066,6848252.2215413,5434.3899687098,0.01
5546.21,5614.99,5317.01,5373.0,1352.41065574,7358521.142409,5441.0404940078,-0.03
5373.99,5587.88,5348.83,5399.08,951.81236285,5194675.3625192,5457.6674618565,0.0
5608.51,5628.15,5436.67,5549.8,1373.82301143,7639897.1698284,5561.0490625544,-0.01
5546.21,5614.99,5317.01,5373.0,1352.41065574,7358521.142409,5441.0404940078,-0.03
5759.83,5770.63,5385.0,5587.54,3226.33509451,17825840.990617,5525.1052567198,-0.03
5608.51,5628.15,5436.67,5549.8,1373.82301143,7639897.1698284,5561.0490625544,-0.01
6349.15,6385.0,5720.3,5764.95,2799.50518035,16924639.563921,6045.5825131944,-0.09
5759.83,5770.63,5385.0,5587.54,3226.33509451,17825840.990617,5525.1052567198,-0.03
6242.51,6400.0,6230.0,6349.15,1417.43745678,8997728.0792099,6347.8836658163,0.02
6349.15,6385.0,5720.3,5764.95,2799.50518035,16924639.563921,6045.5825131944,-0.09
6290.59,6312.49,6195.44,6242.51,937.80382576,5862623.3364297,6251.4389207984,-0.01
6242.51,6400.0,6230.0,6349.15,1417.43745678,8997728.0792099,6347.8836658163,0.02
6191.3,6313.35,6121.05,6289.4,1001.70218859,6255645.6680642,6245.01547398,0.02
6290.59,6312.49,6195.44,6242.51,937.80382576,5862623.3364297,6251.4389207984,-0.01
6031.98,6248.0,6031.98,6191.3,858.02491884,5256385.7364691,6126.1457809121,0.03
6191.3,6313.35,6121.05,6289.4,1001.70218859,6255645.6680642,6245.01547398,0.02
5989.24,6100.0,5914.42,6038.59,1075.10904795,6448909.0440319,5998.3766821873,0.01
6031.98,6248.0,6031.98,6191.3,858.02491884,5256385.7364691,6126.1457809121,0.03
6008.09,6036.6,5820.64,5989.22,1525.66153985,9003705.238508,5901.5089542031,-0.0
5989.24,6100.0,5914.42,6038.59,1075.10904795,6448909.0440319,5998.3766821873,0.01
6058.11,6109.61,5912.59,6004.92,1262.96904402,7614618.33328,6029.1409115166,-0.01
6008.09,6036.6,5820.64,5989.22,1525.66153985,9003705.238508,5901.5089542031,-0.0
5912.87,6100.0,5868.64,6054.61,1691.41254771,10123380.924045,5985.1636655709,0.02
6058.11,6109.61,5912.59,6004.92,1262.96904402,7614618.33328,6029.1409115166,-0.01
5752.43,5935.0,5717.21,5918.2,1372.84383068,7934783.1228456,5779.8148234496,0.03
5912.87,6100.0,5868.64,6054.61,1691.41254771,10123380.924045,5985.1636655709,0.02
5792.51,5823.0,5657.94,5761.14,746.17934459,4280954.1064259,5737.1651164883,-0.01
5752.43,5935.0,5717.21,5918.2,1372.84383068,7934783.1228456,5779.8148234496,0.03
5755.79,5845.0,5721.35,5790.34,655.04502899,3784141.0088873,5776.9173742482,0.01
5792.51,5823.0,5657.94,5761.14,746.17934459,4280954.1064259,5737.1651164883,-0.01
5661.95,5782.57,5550.32,5748.94,1021.89555676,5788388.8909535,5664.3644770372,0.02
5755.79,5845.0,5721.35,5790.34,655.04502899,3784141.0088873,5776.9173742482,0.01
5497.12,5689.0,5483.46,5667.62,1410.75230896,7865891.7905345,5575.6717466109,0.03
5661.95,5782.57,5550.32,5748.94,1021.89555676,5788388.8909535,5664.3644770372,0.02
5602.38,5936.03,5377.7,5498.38,2796.28086095,15871754.454055,5676.022990288,-0.02
5497.12,5689.0,5483.46,5667.62,1410.75230896,7865891.7905345,5575.6717466109,0.03
5458.57,5630.0,5437.01,5598.51,1305.87522699,7260634.7111721,5559.9758392749,0.02
5602.38,5936.03,5377.7,5498.38,2796.28086095,15871754.454055,5676.022990288,-0.02
5676.63,5709.0,5406.73,5458.68,1764.43088196,9866051.4107355,5591.6338302671,-0.04
5458.57,5630.0,5437.01,5598.51,1305.87522699,7260634.7111721,5559.9758392749,0.02
5602.69,5725.0,5530.01,5675.04,957.38096848,5372237.5923989,5611.3895818592,0.01
5676.63,5709.0,5406.73,5458.68,1764.43088196,9866051.4107355,5591.6338302671,-0.04
5763.53,5796.0,5508.13,5604.78,1073.31330571,6040962.3113452,5628.3307764913,-0.03
5602.69,5725.0,5530.01,5675.04,957.38096848,5372237.5923989,5611.3895818592,0.01
5565.52,5775.0,5534.58,5760.88,1569.42921401,8929505.0819077,5689.6513727383,0.03
5763.53,5796.0,5508.13,5604.78,1073.31330571,6040962.3113452,5628.3307764913,-0.03
5537.47,5717.32,5482.0,5565.49,1796.27016714,10063581.298222,5602.4875780491,0.01
5565.52,5775.0,5534.58,5760.88,1569.42921401,8929505.0819077,5689.6513727383,0.03
5473.77,5850.0,5450.78,5535.05,2652.67993475,14957711.228466,5638.7169188868,0.01
5537.47,5717.32,5482.0,5565.49,1796.27016714,10063581.298222,5602.4875780491,0.01
5494.66,5499.99,5150.0,5473.77,3321.4219515,17675938.692893,5321.7986004189,-0.0
5473.77,5850.0,5450.78,5535.05,2652.67993475,14957711.228466,5638.7169188868,0.01
5543.54,5750.0,5401.0,5494.7,1877.93416049,10450989.429807,5565.1522027163,-0.01
5494.66,5499.99,5150.0,5473.77,3321.4219515,17675938.692893,5321.7986004189,-0.0
5482.04,5709.62,5423.55,5550.52,1562.05601288,8671427.2314935,5551.2908371998,0.01
5543.54,5750.0,5401.0,5494.7,1877.93416049,10450989.429807,5565.1522027163,-0.01
5398.81,5715.0,5280.0,5479.36,1461.09992164,8017070.1024354,5487.0101515279,0.01
5482.04,5709.62,5423.55,5550.52,1562.05601288,8671427.2314935,5551.2908371998,0.01
5688.74,5715.1,5284.92,5394.9,2324.89414456,12837781.116655,5521.8776935258,-0.05
5398.81,5715.0,5280.0,5479.36,1461.09992164,8017070.1024354,5487.0101515279,0.01
5415.0,5766.75,5350.0,5689.96,2050.17321606,11349070.471579,5535.6641978718,0.05
5688.74,5715.1,5284.92,5394.9,2324.89414456,12837781.116655,5521.8776935258,-0.05
5800.91,5800.91,5280.02,5414.39,2646.28241172,14610711.319011,5521.2214895517,-0.07
5415.0,5766.75,5350.0,5689.96,2050.17321606,11349070.471579,5535.6641978718,0.05
6000.47,6166.0,5750.22,5789.7,1719.89971587,10331700.742818,6007.1530028667,-0.04
5800.91,5800.91,5280.02,5414.39,2646.28241172,14610711.319011,5521.2214895517,-0.07
6076.01,6182.0,5917.88,6006.44,1082.8534268,6529420.1368624,6029.828206905,-0.01
6000.47,6166.0,5750.22,5789.7,1719.89971587,10331700.742818,6007.1530028667,-0.04
6058.13,6126.19,5942.68,6079.47,730.88497067,4416043.8903867,6042.0504834551,0.0
6076.01,6182.0,5917.88,6006.44,1082.8534268,6529420.1368624,6029.828206905,-0.01
6409.35,6471.15,5988.88,6059.55,986.65473576,6076439.3457842,6158.6278619578,-0.05
6058.13,6126.19,5942.68,6079.47,730.88497067,4416043.8903867,6042.0504834551,0.0
6504.62,6507.0,6277.0,6407.7,2072.81272986,13220296.014611,6377.9500309728,-0.01
6409.35,6471.15,5988.88,6059.55,986.65473576,6076439.3457842,6158.6278619578,-0.05
6521.64,6599.99,6416.9,6504.57,749.46630343,4883927.0944812,6516.5399326554,-0.0
6504.62,6507.0,6277.0,6407.7,2072.81272986,13220296.014611,6377.9500309728,-0.01
6615.59,6625.37,6380.0,6521.76,1492.15214059,9653620.641155,6469.5954109196,-0.01
6521.64,6599.99,6416.9,6504.57,749.46630343,4883927.0944812,6516.5399326554,-0.0
6975.0,6975.0,6530.88,6612.77,1758.91195768,11757577.861191,6684.5744096817,-0.05
6615.59,6625.37,6380.0,6521.76,1492.15214059,9653620.641155,6469.5954109196,-0.01
7039.81,7098.81,6710.1,6973.46,1447.36136549,10016628.797003,6920.6136323887,-0.01
6975.0,6975.0,6530.88,6612.77,1758.91195768,11757577.861191,6684.5744096817,-0.05
7067.58,7107.38,6965.05,7040.66,373.46048983,2627493.0619727,7035.531558288,-0.0
7039.81,7098.81,6710.1,6973.46,1447.36136549,10016628.797003,6920.6136323887,-0.01
7010.11,7080.0,6902.01,7066.34,390.11591454,2732917.5009987,7005.3986498378,0.01
7067.58,7107.38,6965.05,7040.66,373.46048983,2627493.0619727,7035.531558288,-0.0
6809.1,7099.34,6699.0,7007.34,1307.01955196,8998972.77428,6885.1095309058,0.03
7010.11,7080.0,6902.01,7066.34,390.11591454,2732917.5009987,7005.3986498378,0.01
6964.2,7119.0,6745.0,6809.1,1277.81997264,8911515.8076059,6973.9994666029,-0.02
6809.1,7099.34,6699.0,7007.34,1307.01955196,8998972.77428,6885.1095309058,0.03
7195.34,7254.88,6886.0,6964.2,1505.81748075,10604720.036363,7042.500284351,-0.03
6964.2,7119.0,6745.0,6809.1,1277.81997264,8911515.8076059,6973.9994666029,-0.02
6607.7,7250.11,6584.87,7190.31,3025.71785732,21053059.625104,6958.0379327738,0.08
7195.34,7254.88,6886.0,6964.2,1505.81748075,10604720.036363,7042.500284351,-0.03
6307.49,6686.0,6282.06,6611.97,1800.50152335,11849940.698129,6581.4666327418,0.05
6607.7,7250.11,6584.87,7190.31,3025.71785732,21053059.625104,6958.0379327738,0.08
6324.0,6455.76,6250.0,6308.19,594.99484419,3775605.9570715,6345.6112165332,-0.0
6307.49,6686.0,6282.06,6611.97,1800.50152335,11849940.698129,6581.4666327418,0.05
6258.1,6366.96,6145.98,6324.7,411.93034193,2577702.5485903,6257.6175780427,0.01
6324.0,6455.76,6250.0,6308.19,594.99484419,3775605.9570715,6345.6112165332,-0.0
6413.28,6576.29,6200.0,6248.34,1146.60818471,7299756.7546933,6366.3916340695,-0.03
6258.1,6366.96,6145.98,6324.7,411.93034193,2577702.5485903,6257.6175780427,0.01
6338.05,6500.0,6250.0,6413.7,1121.65340426,7161724.2768157,6384.9708382426,0.01
6413.28,6576.29,6200.0,6248.34,1146.60818471,7299756.7546933,6366.3916340695,-0.03
6269.98,6504.84,6211.0,6324.01,1624.51194562,10340604.568304,6365.3607449204,0.01
6338.05,6500.0,6250.0,6413.7,1121.65340426,7161724.2768157,6384.9708382426,0.01
5728.13,6400.0,5671.47,6270.44,2160.49248552,13137747.480553,6080.9040385953,0.09
6269.98,6504.84,6211.0,6324.01,1624.51194562,10340604.568304,6365.3607449204,0.01
5438.3,5764.9,5408.0,5745.64,2575.38645145,14326628.869895,5562.9044960723,0.05
5728.13,6400.0,5671.47,6270.44,2160.49248552,13137747.480553,6080.9040385953,0.09
5356.18,5469.4,5331.94,5438.19,321.58100574,1745764.3248255,5428.6922848827,0.02
5438.3,5764.9,5408.0,5745.64,2575.38645145,14326628.869895,5562.9044960723,0.05
5322.94,5414.2,5295.09,5358.0,296.64306984,1586933.2798924,5349.6388125579,0.01
5356.18,5469.4,5331.94,5438.19,321.58100574,1745764.3248255,5428.6922848827,0.02
5364.01,5443.69,5251.79,5325.84,948.25943029,5081102.300863,5358.346185188,-0.01
5322.94,5414.2,5295.09,5358.0,296.64306984,1586933.2798924,5349.6388125579,0.01
5471.82,5471.82,5215.0,5357.18,1028.66442805,5462763.2671463,5310.5396844546,-0.02
5364.01,5443.69,5251.79,5325.84,948.25943029,5081102.300863,5358.346185188,-0.01
5384.91,5470.81,5355.01,5464.99,839.5552703,4550421.8708581,5420.0384796966,0.01
5471.82,5471.82,5215.0,5357.18,1028.66442805,5462763.2671463,5310.5396844546,-0.02
5672.83,5676.88,5349.0,5382.61,1320.91342091,7272075.0254183,5505.3381321604,-0.05
5384.91,5470.81,5355.01,5464.99,839.5552703,4550421.8708581,5420.0384796966,0.01
5711.6,5788.0,5634.39,5672.84,868.70629966,4954468.2711351,5703.2719494198,-0.01
5672.83,5676.88,5349.0,5382.61,1320.91342091,7272075.0254183,5505.3381321604,-0.05
5758.63,5773.58,5684.14,5706.01,664.25245602,3810709.6531113,5736.8393877592,-0.01
5711.6,5788.0,5634.39,5672.84,868.70629966,4954468.2711351,5703.2719494198,-0.01
5626.58,5799.93,5544.03,5758.63,436.41805522,2460320.9665577,5637.5324923656,0.02
5758.63,5773.58,5684.14,5706.01,664.25245602,3810709.6531113,5736.8393877592,-0.01
5590.44,5664.88,5505.0,5619.86,741.86362707,4148566.0198941,5592.0871013436,0.01
5626.58,5799.93,5544.03,5758.63,436.41805522,2460320.9665577,5637.5324923656,0.02
5650.9,5748.43,5511.0,5594.93,917.69808147,5166277.6050277,5629.6048878649,-0.01
5590.44,5664.88,5505.0,5619.86,741.86362707,4148566.0198941,5592.0871013436,0.01
5581.45,5824.0,5483.08,5635.0,1027.2380849,5818194.7442169,5663.9203995083,0.01
5650.9,5748.43,5511.0,5594.93,917.69808147,5166277.6050277,5629.6048878649,-0.01
5682.0,5730.0,5539.77,5565.0,1637.18924545,9261305.2705748,5656.8324622907,-0.02
5581.45,5824.0,5483.08,5635.0,1027.2380849,5818194.7442169,5663.9203995083,0.01
5436.63,5750.65,5379.4,5682.0,1656.77005423,9256011.4173846,5586.7809740721,0.04
5682.0,5730.0,5539.77,5565.0,1637.18924545,9261305.2705748,5656.8324622907,-0.02
5460.0,5505.75,5335.58,5438.92,1012.98184812,5487449.0848481,5417.1247935314,-0.0
5436.63,5750.65,5379.4,5682.0,1656.77005423,9256011.4173846,5586.7809740721,0.04
5305.0,5560.0,5299.19,5460.0,988.36305799,5386473.9280582,5449.8940288324,0.03
5460.0,5505.75,5335.58,5438.92,1012.98184812,5487449.0848481,5417.1247935314,-0.0
5064.9,5379.99,4970.5,5305.0,1608.0199526,8185565.0477209,5090.4623630358,0.05
5305.0,5560.0,5299.19,5460.0,988.36305799,5386473.9280582,5449.8940288324,0.03
5305.06,5325.51,5043.0,5066.6,937.8678224,4882282.2518827,5205.7253008094,-0.04
5064.9,5379.99,4970.5,5305.0,1608.0199526,8185565.0477209,5090.4623630358,0.05
5218.61,5345.0,5163.3,5299.5,1096.91289196,5770175.9538357,5260.3775524284,0.02
5305.06,5325.51,5043.0,5066.6,937.8678224,4882282.2518827,5205.7253008094,-0.04
5346.61,5366.3,5199.49,5223.44,1110.95921884,5896708.1689583,5307.7629394131,-0.02
5218.61,5345.0,5163.3,5299.5,1096.91289196,5770175.9538357,5260.3775524284,0.02
5280.13,5440.57,5206.57,5337.1,1430.00848478,7605184.9134643,5318.2795727497,0.01
5346.61,5366.3,5199.49,5223.44,1110.95921884,5896708.1689583,5307.7629394131,-0.02
5305.63,5370.19,4899.13,5272.24,2447.75861514,12488365.85254,5101.9597174724,-0.01
5280.13,5440.57,5206.57,5337.1,1430.00848478,7605184.9134643,5318.2795727497,0.01
5202.17,5392.87,5176.53,5294.39,666.70221435,3515696.3534928,5273.2633517956,0.02
5305.63,5370.19,4899.13,5272.24,2447.75861514,12488365.85254,5101.9597174724,-0.01
5796.08,5798.0,5101.0,5208.8,2684.08461259,14346820.049723,5345.1444795845,-0.1
5202.17,5392.87,5176.53,5294.39,666.70221435,3515696.3534928,5273.2633517956,0.02
5833.0,5880.53,5765.1,5795.87,887.65432452,5164425.6827698,5818.0595082016,-0.01
5796.08,5798.0,5101.0,5208.8,2684.08461259,14346820.049723,5345.1444795845,-0.1
5822.54,5881.51,5669.07,5832.8,948.89490085,5475054.7702594,5769.9274865477,0.0
5833.0,5880.53,5765.1,5795.87,887.65432452,5164425.6827698,5818.0595082016,-0.01
5772.0,5916.32,5740.0,5824.69,995.38247881,5792735.5003667,5819.6076620638,0.01
5822.54,5881.51,5669.07,5832.8,948.89490085,5475054.7702594,5769.9274865477,0.0
5563.8,5855.42,5505.76,5764.5,1210.99717979,6847968.8958821,5654.8182028546,0.03
5772.0,5916.32,5740.0,5824.69,995.38247881,5792735.5003667,5819.6076620638,0.01
5597.8,5667.37,5540.0,5559.0,444.99253912,2492393.1924523,5600.9774846589,-0.01
5563.8,5855.42,5505.76,5764.5,1210.99717979,6847968.8958821,5654.8182028546,0.03
5520.38,5643.46,5461.85,5597.82,649.57125399,3617763.7632317,5569.4640749719,0.01
5597.8,5667.37,5540.0,5559.0,444.99253912,2492393.1924523,5600.9774846589,-0.01
5743.1,5763.77,5493.1,5517.11,1045.87670436,5905310.1745551,5646.2775678407,-0.04
5520.38,5643.46,5461.85,5597.82,649.57125399,3617763.7632317,5569.4640749719,0.01
5348.24,5795.27,5325.33,5745.21,1926.96143285,10713830.182036,5559.9608790251,0.07
5743.1,5763.77,5493.1,5517.11,1045.87670436,5905310.1745551,5646.2775678407,-0.04
5590.1,5638.64,5215.01,5347.29,2767.71396059,15008459.111294,5422.6915515845,-0.04
5348.24,5795.27,5325.33,5745.21,1926.96143285,10713830.182036,5559.9608790251,0.07
5855.12,5855.12,5500.0,5582.1,1684.44715073,9618727.8734224,5710.3173995419,-0.05
5590.1,5638.64,5215.01,5347.29,2767.71396059,15008459.111294,5422.6915515845,-0.04
5763.08,5888.77,5635.49,5847.62,1981.13228323,11377998.915771,5743.1798028249,0.01
5855.12,5855.12,5500.0,5582.1,1684.44715073,9618727.8734224,5710.3173995419,-0.05
6388.65,6388.65,5660.53,5763.07,2855.57201565,16826034.232534,5892.3515640014,-0.1
5763.08,5888.77,5635.49,5847.62,1981.13228323,11377998.915771,5743.1798028249,0.01
6478.94,6529.44,6359.42,6393.59,340.41055624,2197167.7016953,6454.4640623489,-0.01
6388.65,6388.65,5660.53,5763.07,2855.57201565,16826034.232534,5892.3515640014,-0.1
6520.24,6523.48,6415.57,6478.94,531.52973126,3437050.8240319,6466.3378582499,-0.01
6478.94,6529.44,6359.42,6393.59,340.41055624,2197167.7016953,6454.4640623489,-0.01
6501.99,6570.0,6468.0,6509.84,594.1632407,3871956.6303216,6516.6546246785,0.0
6520.24,6523.48,6415.57,6478.94,531.52973126,3437050.8240319,6466.3378582499,-0.01
6500.0,6543.18,6360.85,6501.99,746.78399972,4832599.2047679,6471.2141751561,0.0
6501.99,6570.0,6468.0,6509.84,594.1632407,3871956.6303216,6516.6546246785,0.0
6405.4,6537.9,6310.0,6499.15,1173.44276009,7519447.7607591,6408.0226292268,0.01
6500.0,6543.18,6360.85,6501.99,746.78399972,4832599.2047679,6471.2141751561,0.0
6610.12,6647.2,6356.28,6408.8,919.98291466,5940687.3219998,6457.3887485675,-0.03
6405.4,6537.9,6310.0,6499.15,1173.44276009,7519447.7607591,6408.0226292268,0.01
6547.22,6664.8,6520.01,6607.84,655.79076297,4337820.6348745,6614.641254215,0.01
6610.12,6647.2,6356.28,6408.8,919.98291466,5940687.3219998,6457.3887485675,-0.03
6446.96,6600.0,6381.5,6551.16,634.61547131,4150834.0916689,6540.707372136,0.02
6547.22,6664.8,6520.01,6607.84,655.79076297,4337820.6348745,6614.641254215,0.01
6405.28,6520.0,6288.17,6446.96,769.74819842,4930763.4376745,6405.6836349802,0.01
6446.96,6600.0,6381.5,6551.16,634.61547131,4150834.0916689,6540.707372136,0.02
6337.65,6506.18,6291.3,6406.12,1178.07349176,7594961.7206694,6446.9337217008,0.01
6405.28,6520.0,6288.17,6446.96,769.74819842,4930763.4376745,6405.6836349802,0.01
6480.59,6549.98,6249.0,6337.68,1149.0663319,7362520.7564992,6407.3940312263,-0.02
6337.65,6506.18,6291.3,6406.12,1178.07349176,7594961.7206694,6446.9337217008,0.01
6117.8,6532.47,6075.0,6470.43,1454.30973084,9197148.3851248,6324.0643929492,0.05
6480.59,6549.98,6249.0,6337.68,1149.0663319,7362520.7564992,6407.3940312263,-0.02
6291.59,6350.0,6091.1,6113.63,1349.17428097,8370549.6944501,6204.2019422665,-0.03
6117.8,6532.47,6075.0,6470.43,1454.30973084,9197148.3851248,6324.0643929492,0.05
